{"parent":"item/generated","textures":{"layer0":"coins:item/bunchofsilvercoin"},"display":{"thirdperson_righthand":{"rotation":[0,180,0],"translation":[0,1,0],"scale":[0.3,0.3,0.3]},"firstperson_righthand":{"rotation":[0,-90,0],"translation":[0,1,0],"scale":[0.35,0.35,0.5]},"gui":{"rotation":[0,0,0],"translation":[0,0,0],"scale":[0.8,0.8,0.6]},"ground":{"rotation":[0,0,0],"translation":[0,1,0],"scale":[0.3,0.3,0.3]},"fixed":{"rotation":[0,180,0],"translation":[0,0,0],"scale":[0.4,0.4,0.3]}},"overrides":[{"predicate":{"custom_model_data":80808},"model":"coins:item/bunchofsilvercoin"}]}