{"providers":[{"file":"char/black.png","chars":[""],"height":1,"ascent":-5000,"type":"bitmap"},{"file":"char/black.png","chars":[""],"height":2,"ascent":-5000,"type":"bitmap"},{"file":"char/black.png","chars":[""],"height":3,"ascent":-5000,"type":"bitmap"},{"file":"char/black.png","chars":[""],"height":4,"ascent":-5000,"type":"bitmap"},{"file":"char/black.png","chars":[""],"height":5,"ascent":-5000,"type":"bitmap"},{"file":"char/black.png","chars":[""],"height":6,"ascent":-5000,"type":"bitmap"},{"file":"char/black.png","chars":[""],"height":7,"ascent":-5000,"type":"bitmap"},{"file":"char/black.png","chars":[""],"height":15,"ascent":-5000,"type":"bitmap"},{"file":"char/black.png","chars":[""],"height":31,"ascent":-5000,"type":"bitmap"},{"file":"char/black.png","chars":[""],"height":63,"ascent":-5000,"type":"bitmap"},{"file":"char/black.png","chars":[""],"height":127,"ascent":-5000,"type":"bitmap"},{"file":"char/black.png","chars":[""],"height":256,"ascent":-5000,"type":"bitmap"},{"file":"char/black.png","chars":[""],"height":512,"ascent":-5000,"type":"bitmap"},{"file":"char/black.png","chars":[""],"height":1024,"ascent":-5000,"type":"bitmap"},{"file":"char/black.png","chars":[""],"height":-3,"ascent":-5000,"type":"bitmap"},{"file":"char/black.png","chars":[""],"height":-4,"ascent":-5000,"type":"bitmap"},{"file":"char/black.png","chars":[""],"height":-5,"ascent":-5000,"type":"bitmap"},{"file":"char/black.png","chars":[""],"height":-6,"ascent":-5000,"type":"bitmap"},{"file":"char/black.png","chars":[""],"height":-7,"ascent":-5000,"type":"bitmap"},{"file":"char/black.png","chars":[""],"height":-8,"ascent":-5000,"type":"bitmap"},{"file":"char/black.png","chars":[""],"height":-9,"ascent":-5000,"type":"bitmap"},{"file":"char/black.png","chars":[""],"height":-10,"ascent":-5000,"type":"bitmap"},{"file":"char/black.png","chars":[""],"height":-18,"ascent":-5000,"type":"bitmap"},{"file":"char/black.png","chars":[""],"height":-34,"ascent":-5000,"type":"bitmap"},{"file":"char/black.png","chars":[""],"height":-66,"ascent":-5000,"type":"bitmap"},{"file":"char/black.png","chars":[""],"height":-130,"ascent":-5000,"type":"bitmap"},{"file":"char/black.png","chars":[""],"height":-259,"ascent":-5000,"type":"bitmap"},{"file":"char/black.png","chars":[""],"height":-515,"ascent":-5000,"type":"bitmap"},{"file":"char/black.png","chars":[""],"height":-1027,"ascent":-5000,"type":"bitmap"},{"file":"_iainternal:gui/no_recipe.png","chars":[""],"height":170,"ascent":47,"type":"bitmap"},{"file":"_iainternal:gui/crafting.png","chars":[""],"height":170,"ascent":47,"type":"bitmap"},{"file":"_iainternal:gui/cooking.png","chars":[""],"height":170,"ascent":47,"type":"bitmap"},{"file":"_iainternal:gui/blank_menu.png","chars":[""],"height":170,"ascent":47,"type":"bitmap"},{"file":"_iainternal:gui/anvil_repair.png","chars":[""],"height":170,"ascent":47,"type":"bitmap"},{"file":"_iainternal:gui/smithing.png","chars":[""],"height":170,"ascent":47,"type":"bitmap"},{"file":"ranks:item/conselho.png","chars":[""],"height":11,"ascent":8,"type":"bitmap"},{"file":"_iainternal:hud/small_cooldown_bar/0.png","chars":[""],"height":22,"ascent":-42,"type":"bitmap"},{"file":"_iainternal:hud/small_cooldown_bar/1.png","chars":[""],"height":22,"ascent":-42,"type":"bitmap"},{"file":"_iainternal:hud/small_cooldown_bar/2.png","chars":[""],"height":22,"ascent":-42,"type":"bitmap"},{"file":"_iainternal:hud/small_cooldown_bar/3.png","chars":[""],"height":22,"ascent":-42,"type":"bitmap"},{"file":"_iainternal:hud/small_cooldown_bar/4.png","chars":[""],"height":22,"ascent":-42,"type":"bitmap"},{"file":"_iainternal:hud/small_cooldown_bar/5.png","chars":[""],"height":22,"ascent":-42,"type":"bitmap"},{"file":"_iainternal:hud/small_cooldown_bar/6.png","chars":[""],"height":22,"ascent":-42,"type":"bitmap"},{"file":"_iainternal:hud/small_cooldown_bar/7.png","chars":[""],"height":22,"ascent":-42,"type":"bitmap"},{"file":"_iainternal:hud/small_cooldown_bar/8.png","chars":[""],"height":22,"ascent":-42,"type":"bitmap"},{"file":"_iainternal:hud/small_cooldown_bar/9.png","chars":[""],"height":22,"ascent":-42,"type":"bitmap"},{"file":"_iainternal:hud/small_cooldown_bar/10.png","chars":[""],"height":22,"ascent":-42,"type":"bitmap"},{"file":"_iainternal:hud/small_cooldown_bar/11.png","chars":[""],"height":22,"ascent":-42,"type":"bitmap"},{"file":"_iainternal:hud/small_cooldown_bar/12.png","chars":[""],"height":22,"ascent":-42,"type":"bitmap"},{"file":"_iainternal:hud/small_cooldown_bar/13.png","chars":[""],"height":22,"ascent":-42,"type":"bitmap"},{"file":"_iainternal:hud/small_cooldown_bar/14.png","chars":[""],"height":22,"ascent":-42,"type":"bitmap"},{"file":"_iainternal:hud/small_cooldown_bar/15.png","chars":[""],"height":22,"ascent":-42,"type":"bitmap"},{"file":"_iainternal:hud/small_cooldown_bar/16.png","chars":[""],"height":22,"ascent":-42,"type":"bitmap"},{"file":"_iainternal:hud/small_cooldown_bar/17.png","chars":[""],"height":22,"ascent":-42,"type":"bitmap"},{"file":"_iainternal:hud/small_cooldown_bar/18.png","chars":[""],"height":22,"ascent":-42,"type":"bitmap"},{"file":"_iainternal:hud/small_cooldown_bar/19.png","chars":[""],"height":22,"ascent":-42,"type":"bitmap"},{"file":"_iainternal:hud/small_cooldown_bar/20.png","chars":[""],"height":22,"ascent":-42,"type":"bitmap"},{"type":"bitmap","file":"minecraft:font/skills_gui.png","ascent":24,"height":137,"chars":[""]},{"type":"bitmap","file":"minecraft:font/immersive_recipe_selection.png","ascent":24,"height":137,"chars":[""]},{"type":"bitmap","file":"minecraft:font/editor_gridrecipe_gui.png","ascent":24,"height":137,"chars":[""]},{"type":"bitmap","file":"minecraft:font/editor_cookingrecipe_gui.png","ascent":24,"height":137,"chars":[""]},{"type":"bitmap","file":"minecraft:font/editor_smithingrecipe_gui.png","ascent":24,"height":137,"chars":[""]},{"type":"bitmap","file":"minecraft:font/editor_brewingrecipe_gui.png","ascent":24,"height":137,"chars":[""]},{"type":"bitmap","file":"minecraft:font/editor_immersiverecipe_gui.png","ascent":24,"height":137,"chars":[""]},{"type":"bitmap","file":"minecraft:font/editor_cauldronrecipe_gui.png","ascent":24,"height":137,"chars":[""]},{"type":"bitmap","file":"minecraft:font/editor_alloyrecipe_gui.png","ascent":24,"height":137,"chars":[""]},{"type":"bitmap","file":"minecraft:font/loot_table_free_selection.png","ascent":24,"height":119,"chars":[""]},{"type":"bitmap","file":"minecraft:font/editor_ingredientselection_gui.png","ascent":24,"height":137,"chars":[""]},{"type":"bitmap","file":"minecraft:font/editor_modifierselection_gui.png","ascent":24,"height":137,"chars":[""]},{"type":"bitmap","file":"minecraft:font/editor_ingredientoptionselection_gui.png","ascent":24,"height":137,"chars":[""]},{"type":"bitmap","file":"minecraft:font/editor_recipeoverview_gui.png","ascent":24,"height":137,"chars":[""]},{"type":"bitmap","file":"minecraft:font/editor_recipeselection_craftingtable_gui.png","ascent":24,"height":137,"chars":[""]},{"type":"bitmap","file":"minecraft:font/editor_recipeselection_brewing_gui.png","ascent":24,"height":137,"chars":[""]},{"type":"bitmap","file":"minecraft:font/editor_recipeselection_smithing_gui.png","ascent":24,"height":137,"chars":[""]},{"type":"bitmap","file":"minecraft:font/editor_recipeselection_furnace_gui.png","ascent":24,"height":137,"chars":[""]},{"type":"bitmap","file":"minecraft:font/editor_recipeselection_blastfurnace_gui.png","ascent":24,"height":137,"chars":[""]},{"type":"bitmap","file":"minecraft:font/editor_recipeselection_smoker_gui.png","ascent":24,"height":137,"chars":[""]},{"type":"bitmap","file":"minecraft:font/editor_recipeselection_campfire_gui.png","ascent":24,"height":137,"chars":[""]},{"type":"bitmap","file":"minecraft:font/editor_recipeselection_immersive_gui.png","ascent":24,"height":137,"chars":[""]},{"type":"bitmap","file":"minecraft:font/editor_recipeselection_cauldron_gui.png","ascent":24,"height":137,"chars":[""]},{"type":"bitmap","file":"minecraft:font/editor_recipeselection_alloy_gui.png","ascent":24,"height":137,"chars":[""]},{"type":"bitmap","file":"minecraft:font/editor_recipeselection_disabled_gui.png","ascent":24,"height":137,"chars":[""]},{"type":"bitmap","file":"minecraft:font/editor_validationselection_gui.png","ascent":24,"height":137,"chars":[""]},{"type":"bitmap","file":"minecraft:font/editor_loot_table.png","ascent":24,"height":137,"chars":[""]},{"type":"bitmap","file":"minecraft:font/editor_loottableoverview.png","ascent":24,"height":137,"chars":[""]},{"type":"bitmap","file":"minecraft:font/editor_loottableselection.png","ascent":24,"height":137,"chars":[""]},{"type":"bitmap","file":"minecraft:font/editor_loot_pool.png","ascent":24,"height":137,"chars":[""]},{"type":"bitmap","file":"minecraft:font/editor_predicateselection_gui.png","ascent":24,"height":137,"chars":[""]},{"type":"bitmap","file":"minecraft:font/editor_tableselection_blocks_gui.png","ascent":24,"height":137,"chars":[""]},{"type":"bitmap","file":"minecraft:font/editor_tableselection_containers_gui.png","ascent":24,"height":137,"chars":[""]},{"type":"bitmap","file":"minecraft:font/editor_tableselection_entities_gui.png","ascent":24,"height":137,"chars":[""]},{"type":"bitmap","file":"minecraft:font/editor_tableselection_fishing_gui.png","ascent":24,"height":137,"chars":[""]},{"type":"bitmap","file":"minecraft:font/editor_loot_entry.png","ascent":24,"height":137,"chars":[""]},{"type":"bitmap","file":"minecraft:font/editor_armor_sets.png","ascent":24,"height":137,"chars":[""]},{"type":"bitmap","file":"minecraft:font/editor_customitems.png","ascent":24,"height":137,"chars":[""]},{"type":"bitmap","file":"minecraft:font/trinkets_gui_0r.png","ascent":24,"height":137,"chars":[""]},{"type":"bitmap","file":"minecraft:font/book_page.png","ascent":24,"height":139,"chars":["廊"]},{"type":"bitmap","file":"space:font/space_split.png","ascent":-65536,"height":-32770,"chars":[""]},{"type":"bitmap","file":"space:font/space_split.png","ascent":-32768,"height":0,"chars":[""]},{"type":"bitmap","file":"space:font/space_split.png","ascent":-65536,"height":32767,"chars":[""]},{"type":"bitmap","file":"space:font/space_nosplit.png","ascent":-32768,"height":-3,"chars":[""]},{"type":"bitmap","file":"space:font/space_nosplit.png","ascent":-32768,"height":-4,"chars":[""]},{"type":"bitmap","file":"space:font/space_nosplit.png","ascent":-32768,"height":-5,"chars":[""]},{"type":"bitmap","file":"space:font/space_nosplit.png","ascent":-32768,"height":-6,"chars":[""]},{"type":"bitmap","file":"space:font/space_nosplit.png","ascent":-32768,"height":-7,"chars":[""]},{"type":"bitmap","file":"space:font/space_nosplit.png","ascent":-32768,"height":-8,"chars":[""]},{"type":"bitmap","file":"space:font/space_nosplit.png","ascent":-32768,"height":-9,"chars":[""]},{"type":"bitmap","file":"space:font/space_nosplit.png","ascent":-32768,"height":-10,"chars":[""]},{"type":"bitmap","file":"space:font/space_nosplit.png","ascent":-32768,"height":-18,"chars":[""]},{"type":"bitmap","file":"space:font/space_nosplit.png","ascent":-32768,"height":-34,"chars":[""]},{"type":"bitmap","file":"space:font/space_nosplit.png","ascent":-32768,"height":-66,"chars":[""]},{"type":"bitmap","file":"space:font/space_nosplit.png","ascent":-32768,"height":-130,"chars":[""]},{"type":"bitmap","file":"space:font/space_nosplit.png","ascent":-32768,"height":-258,"chars":[""]},{"type":"bitmap","file":"space:font/space_nosplit.png","ascent":-32768,"height":-514,"chars":[""]},{"type":"bitmap","file":"space:font/space_nosplit.png","ascent":-32768,"height":-1026,"chars":[""]},{"type":"bitmap","file":"space:font/space_nosplit.png","ascent":-65536,"height":-32770,"chars":[""]},{"type":"bitmap","file":"space:font/space_nosplit.png","ascent":-32768,"height":0,"chars":[""]},{"type":"bitmap","file":"space:font/space_nosplit.png","ascent":-32768,"height":1,"chars":[""]},{"type":"bitmap","file":"space:font/space_nosplit.png","ascent":-32768,"height":2,"chars":[""]},{"type":"bitmap","file":"space:font/space_nosplit.png","ascent":-32768,"height":3,"chars":[""]},{"type":"bitmap","file":"space:font/space_nosplit.png","ascent":-32768,"height":4,"chars":[""]},{"type":"bitmap","file":"space:font/space_nosplit.png","ascent":-32768,"height":5,"chars":[""]},{"type":"bitmap","file":"space:font/space_nosplit.png","ascent":-32768,"height":6,"chars":[""]},{"type":"bitmap","file":"space:font/space_nosplit.png","ascent":-32768,"height":7,"chars":[""]},{"type":"bitmap","file":"space:font/space_nosplit.png","ascent":-32768,"height":15,"chars":[""]},{"type":"bitmap","file":"space:font/space_nosplit.png","ascent":-32768,"height":31,"chars":[""]},{"type":"bitmap","file":"space:font/space_nosplit.png","ascent":-32768,"height":63,"chars":[""]},{"type":"bitmap","file":"space:font/space_nosplit.png","ascent":-32768,"height":127,"chars":[""]},{"type":"bitmap","file":"space:font/space_nosplit.png","ascent":-32768,"height":255,"chars":[""]},{"type":"bitmap","file":"space:font/space_nosplit.png","ascent":-32768,"height":511,"chars":[""]},{"type":"bitmap","file":"space:font/space_nosplit.png","ascent":-32768,"height":1023,"chars":[""]},{"type":"bitmap","file":"space:font/space_nosplit.png","ascent":-65536,"height":32767,"chars":[""]},{"type":"bitmap","file":"minecraft:font/effect_icons/speed.png","ascent":8,"height":8,"chars":[""]},{"type":"bitmap","file":"minecraft:font/effect_icons/slow.png","ascent":8,"height":8,"chars":[""]},{"type":"bitmap","file":"minecraft:font/effect_icons/fast_digging.png","ascent":8,"height":8,"chars":[""]},{"type":"bitmap","file":"minecraft:font/effect_icons/slow_digging.png","ascent":8,"height":8,"chars":[""]},{"type":"bitmap","file":"minecraft:font/effect_icons/increase_damage.png","ascent":8,"height":8,"chars":[""]},{"type":"bitmap","file":"minecraft:font/effect_icons/heal.png","ascent":8,"height":8,"chars":[""]},{"type":"bitmap","file":"minecraft:font/effect_icons/harm.png","ascent":8,"height":8,"chars":[""]},{"type":"bitmap","file":"minecraft:font/effect_icons/jump.png","ascent":8,"height":8,"chars":[""]},{"type":"bitmap","file":"minecraft:font/effect_icons/confusion.png","ascent":8,"height":8,"chars":[""]},{"type":"bitmap","file":"minecraft:font/effect_icons/regeneration.png","ascent":8,"height":8,"chars":[""]},{"type":"bitmap","file":"minecraft:font/effect_icons/damage_resistance.png","ascent":8,"height":8,"chars":[""]},{"type":"bitmap","file":"minecraft:font/effect_icons/fire_resistance.png","ascent":8,"height":8,"chars":[""]},{"type":"bitmap","file":"minecraft:font/effect_icons/water_breathing.png","ascent":8,"height":8,"chars":[""]},{"type":"bitmap","file":"minecraft:font/effect_icons/invisibility.png","ascent":8,"height":8,"chars":[""]},{"type":"bitmap","file":"minecraft:font/effect_icons/blindness.png","ascent":8,"height":8,"chars":[""]},{"type":"bitmap","file":"minecraft:font/effect_icons/darkness.png","ascent":8,"height":8,"chars":[""]},{"type":"bitmap","file":"minecraft:font/effect_icons/night_vision.png","ascent":8,"height":8,"chars":[""]},{"type":"bitmap","file":"minecraft:font/effect_icons/hunger.png","ascent":8,"height":8,"chars":[""]},{"type":"bitmap","file":"minecraft:font/effect_icons/weakness.png","ascent":8,"height":8,"chars":[""]},{"type":"bitmap","file":"minecraft:font/effect_icons/poison.png","ascent":8,"height":8,"chars":[""]},{"type":"bitmap","file":"minecraft:font/effect_icons/wither.png","ascent":8,"height":8,"chars":[""]},{"type":"bitmap","file":"minecraft:font/effect_icons/health_boost.png","ascent":8,"height":8,"chars":[""]},{"type":"bitmap","file":"minecraft:font/effect_icons/absorption.png","ascent":8,"height":8,"chars":[""]},{"type":"bitmap","file":"minecraft:font/effect_icons/saturation.png","ascent":8,"height":8,"chars":[""]},{"type":"bitmap","file":"minecraft:font/effect_icons/glowing.png","ascent":8,"height":8,"chars":[""]},{"type":"bitmap","file":"minecraft:font/effect_icons/levitation.png","ascent":8,"height":8,"chars":[""]},{"type":"bitmap","file":"minecraft:font/effect_icons/luck.png","ascent":8,"height":8,"chars":[""]},{"type":"bitmap","file":"minecraft:font/effect_icons/unluck.png","ascent":8,"height":8,"chars":[""]},{"type":"bitmap","file":"minecraft:font/effect_icons/slow_falling.png","ascent":8,"height":8,"chars":[""]},{"type":"bitmap","file":"minecraft:font/effect_icons/conduit_power.png","ascent":8,"height":8,"chars":[""]},{"type":"bitmap","file":"minecraft:font/effect_icons/dolphins_grace.png","ascent":8,"height":8,"chars":[""]},{"type":"bitmap","file":"minecraft:font/effect_icons/bad_omen.png","ascent":8,"height":8,"chars":[""]},{"type":"bitmap","file":"minecraft:font/effect_icons/hero_of_the_village.png","ascent":8,"height":8,"chars":[""]},{"type":"bitmap","file":"minecraft:font/effect_icons/infested.png","ascent":8,"height":8,"chars":[""]},{"type":"bitmap","file":"minecraft:font/effect_icons/oozing.png","ascent":8,"height":8,"chars":[""]},{"type":"bitmap","file":"minecraft:font/effect_icons/weaving.png","ascent":8,"height":8,"chars":[""]},{"type":"bitmap","file":"minecraft:font/effect_icons/wind_charged.png","ascent":8,"height":8,"chars":[""]},{"type":"bitmap","file":"minecraft:font/effect_icons/bow_strength.png","ascent":8,"height":8,"chars":[""]},{"type":"bitmap","file":"minecraft:font/effect_icons/arrow_damage.png","ascent":8,"height":8,"chars":[""]},{"type":"bitmap","file":"minecraft:font/effect_icons/ammo_consumption.png","ascent":8,"height":8,"chars":[""]},{"type":"bitmap","file":"minecraft:font/effect_icons/arrow_velocity.png","ascent":8,"height":8,"chars":[""]},{"type":"bitmap","file":"minecraft:font/effect_icons/arrow_accuracy.png","ascent":8,"height":8,"chars":[""]},{"type":"bitmap","file":"minecraft:font/effect_icons/arrow_piercing.png","ascent":8,"height":8,"chars":[""]},{"type":"bitmap","file":"minecraft:font/effect_icons/knockback.png","ascent":8,"height":8,"chars":[""]},{"type":"bitmap","file":"minecraft:font/effect_icons/stun_chance.png","ascent":8,"height":8,"chars":[""]},{"type":"bitmap","file":"minecraft:font/effect_icons/bleed_chance.png","ascent":8,"height":8,"chars":[""]},{"type":"bitmap","file":"minecraft:font/effect_icons/bleed_damage.png","ascent":8,"height":8,"chars":[""]},{"type":"bitmap","file":"minecraft:font/effect_icons/bleed_duration.png","ascent":8,"height":8,"chars":[""]},{"type":"bitmap","file":"minecraft:font/effect_icons/crit_chance.png","ascent":8,"height":8,"chars":[""]},{"type":"bitmap","file":"minecraft:font/effect_icons/crit_damage.png","ascent":8,"height":8,"chars":[""]},{"type":"bitmap","file":"minecraft:font/effect_icons/armor_penetration_flat.png","ascent":8,"height":8,"chars":[""]},{"type":"bitmap","file":"minecraft:font/effect_icons/light_armor_penetration_flat.png","ascent":8,"height":8,"chars":[""]},{"type":"bitmap","file":"minecraft:font/effect_icons/heavy_armor_penetration_flat.png","ascent":8,"height":8,"chars":[""]},{"type":"bitmap","file":"minecraft:font/effect_icons/armor_penetration_fraction.png","ascent":8,"height":8,"chars":[""]},{"type":"bitmap","file":"minecraft:font/effect_icons/light_armor_penetration_fraction.png","ascent":8,"height":8,"chars":[""]},{"type":"bitmap","file":"minecraft:font/effect_icons/heavy_armor_penetration_fraction.png","ascent":8,"height":8,"chars":[""]},{"type":"bitmap","file":"minecraft:font/effect_icons/heavy_armor_damage.png","ascent":8,"height":8,"chars":[""]},{"type":"bitmap","file":"minecraft:font/effect_icons/light_armor_damage.png","ascent":8,"height":8,"chars":[""]},{"type":"bitmap","file":"minecraft:font/effect_icons/immunity_bonus_fraction.png","ascent":8,"height":8,"chars":[""]},{"type":"bitmap","file":"minecraft:font/effect_icons/immunity_bonus_flat.png","ascent":8,"height":8,"chars":[""]},{"type":"bitmap","file":"minecraft:font/effect_icons/immunity_reduction.png","ascent":8,"height":8,"chars":[""]},{"type":"bitmap","file":"minecraft:font/effect_icons/damage_unarmed.png","ascent":8,"height":8,"chars":[""]},{"type":"bitmap","file":"minecraft:font/effect_icons/damage_melee.png","ascent":8,"height":8,"chars":[""]},{"type":"bitmap","file":"minecraft:font/effect_icons/damage_ranged.png","ascent":8,"height":8,"chars":[""]},{"type":"bitmap","file":"minecraft:font/effect_icons/damage_all.png","ascent":8,"height":8,"chars":[""]},{"type":"bitmap","file":"minecraft:font/effect_icons/attack_reach.png","ascent":8,"height":8,"chars":[""]},{"type":"bitmap","file":"minecraft:font/effect_icons/velocity_damage.png","ascent":8,"height":8,"chars":[""]},{"type":"bitmap","file":"minecraft:font/effect_icons/dismount_chance.png","ascent":8,"height":8,"chars":[""]},{"type":"bitmap","file":"minecraft:font/effect_icons/custom_damage_resistance.png","ascent":8,"height":8,"chars":[""]},{"type":"bitmap","file":"minecraft:font/effect_icons/explosion_resistance.png","ascent":8,"height":8,"chars":[""]},{"type":"bitmap","file":"minecraft:font/effect_icons/fall_damage_resistance.png","ascent":8,"height":8,"chars":[""]},{"type":"bitmap","file":"minecraft:font/effect_icons/custom_fire_resistance.png","ascent":8,"height":8,"chars":[""]},{"type":"bitmap","file":"minecraft:font/effect_icons/magic_resistance.png","ascent":8,"height":8,"chars":[""]},{"type":"bitmap","file":"minecraft:font/effect_icons/bleed_resistance.png","ascent":8,"height":8,"chars":[""]},{"type":"bitmap","file":"minecraft:font/effect_icons/stun_resistance.png","ascent":8,"height":8,"chars":[""]},{"type":"bitmap","file":"minecraft:font/effect_icons/poison_resistance.png","ascent":8,"height":8,"chars":[""]},{"type":"bitmap","file":"minecraft:font/effect_icons/projectile_resistance.png","ascent":8,"height":8,"chars":[""]},{"type":"bitmap","file":"minecraft:font/effect_icons/melee_resistance.png","ascent":8,"height":8,"chars":[""]},{"type":"bitmap","file":"minecraft:font/effect_icons/dodge_chance.png","ascent":8,"height":8,"chars":[""]},{"type":"bitmap","file":"minecraft:font/effect_icons/healing_bonus.png","ascent":8,"height":8,"chars":[""]},{"type":"bitmap","file":"minecraft:font/effect_icons/food_consumption.png","ascent":8,"height":8,"chars":[""]},{"type":"bitmap","file":"minecraft:font/effect_icons/cooldown_reduction.png","ascent":8,"height":8,"chars":[""]},{"type":"bitmap","file":"minecraft:font/effect_icons/explosion_power.png","ascent":8,"height":8,"chars":[""]},{"type":"bitmap","file":"minecraft:font/effect_icons/crafting_speed.png","ascent":8,"height":8,"chars":[""]},{"type":"bitmap","file":"minecraft:font/effect_icons/alchemy_quality.png","ascent":8,"height":8,"chars":[""]},{"type":"bitmap","file":"minecraft:font/effect_icons/alchemy_quality_fraction.png","ascent":8,"height":8,"chars":[""]},{"type":"bitmap","file":"minecraft:font/effect_icons/enchanting_quality.png","ascent":8,"height":8,"chars":[""]},{"type":"bitmap","file":"minecraft:font/effect_icons/enchanting_quality_fraction.png","ascent":8,"height":8,"chars":[""]},{"type":"bitmap","file":"minecraft:font/effect_icons/anvil_quality_flat.png","ascent":8,"height":8,"chars":[""]},{"type":"bitmap","file":"minecraft:font/effect_icons/anvil_quality_fraction.png","ascent":8,"height":8,"chars":[""]},{"type":"bitmap","file":"minecraft:font/effect_icons/brewing_ingredient_consumption.png","ascent":8,"height":8,"chars":[""]},{"type":"bitmap","file":"minecraft:font/effect_icons/brewing_speed.png","ascent":8,"height":8,"chars":[""]},{"type":"bitmap","file":"minecraft:font/effect_icons/potion_consumption.png","ascent":8,"height":8,"chars":[""]},{"type":"bitmap","file":"minecraft:font/effect_icons/throwing_velocity.png","ascent":8,"height":8,"chars":[""]},{"type":"bitmap","file":"minecraft:font/effect_icons/smithing_quality.png","ascent":8,"height":8,"chars":[""]},{"type":"bitmap","file":"minecraft:font/effect_icons/smithing_quality_fraction.png","ascent":8,"height":8,"chars":[""]},{"type":"bitmap","file":"minecraft:font/effect_icons/mining_rare_drops.png","ascent":8,"height":8,"chars":[""]},{"type":"bitmap","file":"minecraft:font/effect_icons/mining_drops.png","ascent":8,"height":8,"chars":[""]},{"type":"bitmap","file":"minecraft:font/effect_icons/woodcutting_rare_drops.png","ascent":8,"height":8,"chars":[""]},{"type":"bitmap","file":"minecraft:font/effect_icons/woodcutting_drops.png","ascent":8,"height":8,"chars":[""]},{"type":"bitmap","file":"minecraft:font/effect_icons/digging_rare_drops.png","ascent":8,"height":8,"chars":[""]},{"type":"bitmap","file":"minecraft:font/effect_icons/digging_drops.png","ascent":8,"height":8,"chars":[""]},{"type":"bitmap","file":"minecraft:font/effect_icons/farming_rare_drops.png","ascent":8,"height":8,"chars":[""]},{"type":"bitmap","file":"minecraft:font/effect_icons/farming_drops.png","ascent":8,"height":8,"chars":[""]},{"type":"bitmap","file":"minecraft:font/effect_icons/fishing_luck.png","ascent":8,"height":8,"chars":[""]},{"type":"bitmap","file":"minecraft:font/effect_icons/skill_exp_gain.png","ascent":8,"height":8,"chars":[""]},{"type":"bitmap","file":"minecraft:font/effect_icons/vanilla_exp_gain.png","ascent":8,"height":8,"chars":[""]},{"type":"bitmap","file":"minecraft:font/effect_icons/damage_taken.png","ascent":8,"height":8,"chars":[""]},{"type":"bitmap","file":"minecraft:font/effect_icons/reflect_chance.png","ascent":8,"height":8,"chars":[""]},{"type":"bitmap","file":"minecraft:font/effect_icons/reflect_fraction.png","ascent":8,"height":8,"chars":[""]},{"type":"bitmap","file":"minecraft:font/effect_icons/smithing_masterpiece_flat.png","ascent":8,"height":8,"chars":[""]},{"type":"bitmap","file":"minecraft:font/effect_icons/smithing_masterpiece_fraction.png","ascent":8,"height":8,"chars":[""]},{"type":"bitmap","file":"minecraft:font/effect_icons/enchanting_masterpiece_flat.png","ascent":8,"height":8,"chars":[""]},{"type":"bitmap","file":"minecraft:font/effect_icons/enchanting_masterpiece_fraction.png","ascent":8,"height":8,"chars":[""]},{"type":"bitmap","file":"minecraft:font/effect_icons/alchemy_masterpiece_flat.png","ascent":8,"height":8,"chars":[""]},{"type":"bitmap","file":"minecraft:font/effect_icons/alchemy_masterpiece_fraction.png","ascent":8,"height":8,"chars":[""]},{"type":"bitmap","file":"minecraft:font/effect_icons/custom_luck.png","ascent":8,"height":8,"chars":[""]},{"type":"bitmap","file":"minecraft:font/effect_icons/armor_flat.png","ascent":8,"height":8,"chars":[""]},{"type":"bitmap","file":"minecraft:font/effect_icons/armor_fraction.png","ascent":8,"height":8,"chars":[""]},{"type":"bitmap","file":"minecraft:font/effect_icons/armor_toughness_flat.png","ascent":8,"height":8,"chars":[""]},{"type":"bitmap","file":"minecraft:font/effect_icons/armor_toughness_fraction.png","ascent":8,"height":8,"chars":[""]},{"type":"bitmap","file":"minecraft:font/effect_icons/attack_damage.png","ascent":8,"height":8,"chars":[""]},{"type":"bitmap","file":"minecraft:font/effect_icons/attack_speed.png","ascent":8,"height":8,"chars":[""]},{"type":"bitmap","file":"minecraft:font/effect_icons/knockback_resistance.png","ascent":8,"height":8,"chars":[""]},{"type":"bitmap","file":"minecraft:font/effect_icons/max_health_flat.png","ascent":8,"height":8,"chars":[""]},{"type":"bitmap","file":"minecraft:font/effect_icons/max_health_fraction.png","ascent":8,"height":8,"chars":[""]},{"type":"bitmap","file":"minecraft:font/effect_icons/movement_speed.png","ascent":8,"height":8,"chars":[""]},{"type":"bitmap","file":"minecraft:font/effect_icons/chocolate_milk.png","ascent":8,"height":8,"chars":[""]},{"type":"bitmap","file":"minecraft:font/effect_icons/milk.png","ascent":8,"height":8,"chars":[""]},{"type":"bitmap","file":"minecraft:font/effect_icons/sneak_movement_speed.png","ascent":8,"height":8,"chars":[""]},{"type":"bitmap","file":"minecraft:font/effect_icons/sprint_movement_speed.png","ascent":8,"height":8,"chars":[""]},{"type":"bitmap","file":"minecraft:font/effect_icons/damage_explosion.png","ascent":8,"height":8,"chars":[""]},{"type":"bitmap","file":"minecraft:font/effect_icons/damage_fire.png","ascent":8,"height":8,"chars":[""]},{"type":"bitmap","file":"minecraft:font/effect_icons/damage_magic.png","ascent":8,"height":8,"chars":[""]},{"type":"bitmap","file":"minecraft:font/effect_icons/damage_poison.png","ascent":8,"height":8,"chars":[""]},{"type":"bitmap","file":"minecraft:font/effect_icons/damage_bludgeoning.png","ascent":8,"height":8,"chars":[""]},{"type":"bitmap","file":"minecraft:font/effect_icons/damage_lightning.png","ascent":8,"height":8,"chars":[""]},{"type":"bitmap","file":"minecraft:font/effect_icons/damage_freezing.png","ascent":8,"height":8,"chars":[""]},{"type":"bitmap","file":"minecraft:font/effect_icons/damage_radiant.png","ascent":8,"height":8,"chars":[""]},{"type":"bitmap","file":"minecraft:font/effect_icons/damage_necrotic.png","ascent":8,"height":8,"chars":[""]},{"type":"bitmap","file":"minecraft:font/effect_icons/cooking_speed.png","ascent":8,"height":8,"chars":[""]},{"type":"bitmap","file":"minecraft:font/effect_icons/jump_height.png","ascent":8,"height":8,"chars":[""]},{"type":"bitmap","file":"minecraft:font/effect_icons/jumps.png","ascent":8,"height":8,"chars":[""]},{"type":"bitmap","file":"minecraft:font/effect_icons/extra_explosion_damage.png","ascent":8,"height":8,"chars":[""]},{"type":"bitmap","file":"minecraft:font/effect_icons/extra_fire_damage.png","ascent":8,"height":8,"chars":[""]},{"type":"bitmap","file":"minecraft:font/effect_icons/extra_magic_damage.png","ascent":8,"height":8,"chars":[""]},{"type":"bitmap","file":"minecraft:font/effect_icons/extra_poison_damage.png","ascent":8,"height":8,"chars":[""]},{"type":"bitmap","file":"minecraft:font/effect_icons/extra_bludgeoning_damage.png","ascent":8,"height":8,"chars":[""]},{"type":"bitmap","file":"minecraft:font/effect_icons/extra_lightning_damage.png","ascent":8,"height":8,"chars":[""]},{"type":"bitmap","file":"minecraft:font/effect_icons/extra_freezing_damage.png","ascent":8,"height":8,"chars":[""]},{"type":"bitmap","file":"minecraft:font/effect_icons/extra_radiant_damage.png","ascent":8,"height":8,"chars":[""]},{"type":"bitmap","file":"minecraft:font/effect_icons/extra_necrotic_damage.png","ascent":8,"height":8,"chars":[""]},{"type":"bitmap","file":"minecraft:font/effect_icons/bludgeoning_resistance.png","ascent":8,"height":8,"chars":[""]},{"type":"bitmap","file":"minecraft:font/effect_icons/lightning_resistance.png","ascent":8,"height":8,"chars":[""]},{"type":"bitmap","file":"minecraft:font/effect_icons/freezing_resistance.png","ascent":8,"height":8,"chars":[""]},{"type":"bitmap","file":"minecraft:font/effect_icons/radiant_resistance.png","ascent":8,"height":8,"chars":[""]},{"type":"bitmap","file":"minecraft:font/effect_icons/necrotic_resistance.png","ascent":8,"height":8,"chars":[""]},{"type":"bitmap","file":"minecraft:font/effect_icons/stun.png","ascent":8,"height":8,"chars":[""]},{"type":"bitmap","file":"minecraft:font/effect_icons/durability.png","ascent":8,"height":8,"chars":[""]},{"type":"bitmap","file":"minecraft:font/effect_icons/entity_drops.png","ascent":8,"height":8,"chars":[""]},{"type":"bitmap","file":"minecraft:font/effect_icons/light_armor.png","ascent":8,"height":8,"chars":[""]},{"type":"bitmap","file":"minecraft:font/effect_icons/heavy_armor.png","ascent":8,"height":8,"chars":[""]},{"type":"bitmap","file":"minecraft:font/effect_icons/crit_chance_resistance.png","ascent":8,"height":8,"chars":[""]},{"type":"bitmap","file":"minecraft:font/effect_icons/crit_damage_resistance.png","ascent":8,"height":8,"chars":[""]},{"type":"bitmap","file":"minecraft:font/effect_icons/fire.png","ascent":8,"height":8,"chars":[""]},{"type":"bitmap","file":"minecraft:font/effect_icons/instant_explosion_damage.png","ascent":8,"height":8,"chars":[""]},{"type":"bitmap","file":"minecraft:font/effect_icons/instant_fire_damage.png","ascent":8,"height":8,"chars":[""]},{"type":"bitmap","file":"minecraft:font/effect_icons/instant_poison_damage.png","ascent":8,"height":8,"chars":[""]},{"type":"bitmap","file":"minecraft:font/effect_icons/instant_magic_damage.png","ascent":8,"height":8,"chars":[""]},{"type":"bitmap","file":"minecraft:font/effect_icons/instant_melee_damage.png","ascent":8,"height":8,"chars":[""]},{"type":"bitmap","file":"minecraft:font/effect_icons/instant_projectile_damage.png","ascent":8,"height":8,"chars":[""]},{"type":"bitmap","file":"minecraft:font/effect_icons/instant_bludgeoning_damage.png","ascent":8,"height":8,"chars":[""]},{"type":"bitmap","file":"minecraft:font/effect_icons/instant_lightning_damage.png","ascent":8,"height":8,"chars":[""]},{"type":"bitmap","file":"minecraft:font/effect_icons/instant_freezing_damage.png","ascent":8,"height":8,"chars":[""]},{"type":"bitmap","file":"minecraft:font/effect_icons/instant_radiant_damage.png","ascent":8,"height":8,"chars":[""]},{"type":"bitmap","file":"minecraft:font/effect_icons/instant_necrotic_damage.png","ascent":8,"height":8,"chars":[""]},{"type":"bitmap","file":"minecraft:font/effect_icons/bleed.png","ascent":8,"height":8,"chars":[""]},{"type":"bitmap","file":"minecraft:font/effect_icons/antibleed.png","ascent":8,"height":8,"chars":[""]},{"type":"bitmap","file":"minecraft:font/effect_icons/recall.png","ascent":8,"height":8,"chars":[""]},{"type":"bitmap","file":"minecraft:font/effect_icons/custom_heal.png","ascent":8,"height":8,"chars":[""]},{"type":"bitmap","file":"minecraft:font/effect_icons/lapis_save_chance.png","ascent":8,"height":8,"chars":[""]},{"type":"bitmap","file":"minecraft:font/effect_icons/exp_refund_chance.png","ascent":8,"height":8,"chars":[""]},{"type":"bitmap","file":"minecraft:font/effect_icons/exp_refund_fraction.png","ascent":8,"height":8,"chars":[""]},{"type":"bitmap","file":"minecraft:font/effect_icons/lingering_duration_multiplier.png","ascent":8,"height":8,"chars":[""]},{"type":"bitmap","file":"minecraft:font/effect_icons/lingering_radius_multiplier.png","ascent":8,"height":8,"chars":[""]},{"type":"bitmap","file":"minecraft:font/effect_icons/splash_intensity_minimum.png","ascent":8,"height":8,"chars":[""]},{"type":"bitmap","file":"minecraft:font/effect_icons/entity_rare_drops.png","ascent":8,"height":8,"chars":[""]},{"type":"bitmap","file":"minecraft:font/effect_icons/dig_speed.png","ascent":8,"height":8,"chars":[""]},{"type":"bitmap","file":"minecraft:font/effect_icons/mining_level.png","ascent":8,"height":8,"chars":[""]},{"type":"bitmap","file":"minecraft:font/effect_icons/fall_damage.png","ascent":8,"height":8,"chars":[""]},{"type":"bitmap","file":"minecraft:font/effect_icons/crossbow_magazine.png","ascent":8,"height":8,"chars":[""]},{"type":"bitmap","file":"minecraft:font/effect_icons/scale.png","ascent":8,"height":8,"chars":[""]},{"type":"bitmap","file":"minecraft:font/effect_icons/block_reach.png","ascent":8,"height":8,"chars":[""]},{"type":"bitmap","file":"minecraft:font/effect_icons/step_height.png","ascent":8,"height":8,"chars":[""]},{"type":"bitmap","file":"minecraft:font/effect_icons/attack_reach_multiplier.png","ascent":8,"height":8,"chars":[""]},{"type":"bitmap","file":"minecraft:font/effect_icons/shield_disarming.png","ascent":8,"height":8,"chars":[""]},{"type":"bitmap","file":"minecraft:font/effect_icons/lifesteal.png","ascent":8,"height":8,"chars":[""]},{"type":"bitmap","file":"minecraft:font/effect_icons/gravity.png","ascent":8,"height":8,"chars":[""]},{"type":"bitmap","file":"minecraft:font/effect_icons/safe_fall_distance.png","ascent":8,"height":8,"chars":[""]},{"type":"bitmap","file":"minecraft:font/effect_icons/fall_damage_multiplier.png","ascent":8,"height":8,"chars":[""]},{"type":"bitmap","file":"minecraft:font/effect_icons/pvp_resistance.png","ascent":8,"height":8,"chars":[""]},{"type":"bitmap","file":"minecraft:font/effect_icons/player_damage.png","ascent":8,"height":8,"chars":[""]},{"type":"bitmap","file":"minecraft:font/effect_icons/mounted_damage.png","ascent":8,"height":8,"chars":[""]}]}