{"overrides":[{"predicate":{"custom_model_data":1},"model":"modelengine:toro_wither_pool/pool"},{"predicate":{"custom_model_data":2},"model":"modelengine:toro_wither_skull/left_head"},{"predicate":{"custom_model_data":3},"model":"modelengine:toro_wither_skull_2ndphase/head"},{"predicate":{"custom_model_data":4},"model":"modelengine:toro_wither_skull_2ndphase/jaw"},{"predicate":{"custom_model_data":5},"model":"modelengine:toro_wither/body"},{"predicate":{"custom_model_data":6},"model":"modelengine:toro_wither/left_arm"},{"predicate":{"custom_model_data":7},"model":"modelengine:toro_wither/core"},{"predicate":{"custom_model_data":8},"model":"modelengine:toro_wither/left_rib"},{"predicate":{"custom_model_data":9},"model":"modelengine:toro_wither/right_rib"},{"predicate":{"custom_model_data":10},"model":"modelengine:toro_wither/right_arm"},{"predicate":{"custom_model_data":11},"model":"modelengine:toro_wither/left_neck"},{"predicate":{"custom_model_data":12},"model":"modelengine:toro_wither/head"},{"predicate":{"custom_model_data":13},"model":"modelengine:toro_wither/right_neck"},{"predicate":{"custom_model_data":14},"model":"modelengine:toro_wither/spine"},{"predicate":{"custom_model_data":15},"model":"modelengine:toro_wither/left_forearm"},{"predicate":{"custom_model_data":16},"model":"modelengine:toro_wither/right_forearm"},{"predicate":{"custom_model_data":17},"model":"modelengine:toro_wither/left_head"},{"predicate":{"custom_model_data":18},"model":"modelengine:toro_wither/jaw"},{"predicate":{"custom_model_data":19},"model":"modelengine:toro_wither/right_head"},{"predicate":{"custom_model_data":20},"model":"modelengine:toro_wither/spine2"},{"predicate":{"custom_model_data":21},"model":"modelengine:toro_wither/left_claw"},{"predicate":{"custom_model_data":22},"model":"modelengine:toro_wither/right_claw"},{"predicate":{"custom_model_data":23},"model":"modelengine:toro_wither_still/body"},{"predicate":{"custom_model_data":24},"model":"modelengine:toro_wither_still/nothing"},{"predicate":{"custom_model_data":25},"model":"modelengine:toro_wither_still/left_arm"},{"predicate":{"custom_model_data":26},"model":"modelengine:toro_wither_still/core"},{"predicate":{"custom_model_data":27},"model":"modelengine:toro_wither_still/left_rib"},{"predicate":{"custom_model_data":28},"model":"modelengine:toro_wither_still/right_rib"},{"predicate":{"custom_model_data":29},"model":"modelengine:toro_wither_still/right_arm"},{"predicate":{"custom_model_data":30},"model":"modelengine:toro_wither_still/left_neck"},{"predicate":{"custom_model_data":31},"model":"modelengine:toro_wither_still/head"},{"predicate":{"custom_model_data":32},"model":"modelengine:toro_wither_still/right_neck"},{"predicate":{"custom_model_data":33},"model":"modelengine:toro_wither_still/spine"},{"predicate":{"custom_model_data":34},"model":"modelengine:toro_wither_still/left_forearm"},{"predicate":{"custom_model_data":35},"model":"modelengine:toro_wither_still/right_forearm"},{"predicate":{"custom_model_data":36},"model":"modelengine:toro_wither_still/left_head"},{"predicate":{"custom_model_data":37},"model":"modelengine:toro_wither_still/jaw"},{"predicate":{"custom_model_data":38},"model":"modelengine:toro_wither_still/right_head"},{"predicate":{"custom_model_data":39},"model":"modelengine:toro_wither_still/spine2"},{"predicate":{"custom_model_data":40},"model":"modelengine:toro_wither_still/left_claw"},{"predicate":{"custom_model_data":41},"model":"modelengine:toro_wither_still/right_claw"},{"predicate":{"custom_model_data":42},"model":"modelengine:toro_wither_terror/body"},{"predicate":{"custom_model_data":43},"model":"modelengine:toro_wither_terror/tail1"},{"predicate":{"custom_model_data":44},"model":"modelengine:toro_wither_terror/neck"},{"predicate":{"custom_model_data":45},"model":"modelengine:toro_wither_terror/left_arm"},{"predicate":{"custom_model_data":46},"model":"modelengine:toro_wither_terror/right_arm"},{"predicate":{"custom_model_data":47},"model":"modelengine:toro_wither_terror/tail2"},{"predicate":{"custom_model_data":48},"model":"modelengine:toro_wither_terror/head"},{"predicate":{"custom_model_data":49},"model":"modelengine:toro_wither_terror/left_forearm"},{"predicate":{"custom_model_data":50},"model":"modelengine:toro_wither_terror/right_forearm"},{"predicate":{"custom_model_data":51},"model":"modelengine:toro_wither_terror/tail3"},{"predicate":{"custom_model_data":52},"model":"modelengine:toro_wither_terror/jaw"},{"predicate":{"custom_model_data":53},"model":"modelengine:toro_wither_terror/left_hand"},{"predicate":{"custom_model_data":54},"model":"modelengine:toro_wither_terror/right_hand"},{"predicate":{"custom_model_data":55},"model":"modelengine:toro_wither_terror/left_finger_pinky"},{"predicate":{"custom_model_data":56},"model":"modelengine:toro_wither_terror/left_thumb"},{"predicate":{"custom_model_data":57},"model":"modelengine:toro_wither_terror/left_finger_mid"},{"predicate":{"custom_model_data":58},"model":"modelengine:toro_wither_terror/left_finger_index"},{"predicate":{"custom_model_data":59},"model":"modelengine:toro_wither_terror/right_finger_index"},{"predicate":{"custom_model_data":60},"model":"modelengine:toro_wither_terror/head_on_hand"},{"predicate":{"custom_model_data":61},"model":"modelengine:toro_wither_terror/right_finger_mid"},{"predicate":{"custom_model_data":62},"model":"modelengine:toro_wither_terror/right_finger_pinky"},{"predicate":{"custom_model_data":63},"model":"modelengine:toro_wither_terror/right_thumb"},{"predicate":{"custom_model_data":64},"model":"modelengine:toro_wither_terror/jaw2"},{"predicate":{"custom_model_data":65},"model":"modelengine:light_herald_spear/spear"},{"predicate":{"custom_model_data":66},"model":"modelengine:light_herald_spear2/spear"},{"predicate":{"custom_model_data":67},"model":"modelengine:light_projectile/light_fireball"},{"predicate":{"custom_model_data":68},"model":"modelengine:light_projectile/light_fireball_part_2"},{"predicate":{"custom_model_data":69},"model":"modelengine:light_warrior/wing"},{"predicate":{"custom_model_data":70},"model":"modelengine:light_warrior/wing2"},{"predicate":{"custom_model_data":71},"model":"modelengine:light_warrior/wing4"},{"predicate":{"custom_model_data":72},"model":"modelengine:light_warrior/core_part"},{"predicate":{"custom_model_data":73},"model":"modelengine:light_warrior/wing3"},{"predicate":{"custom_model_data":74},"model":"modelengine:light_warrior/light_warrior"},{"predicate":{"custom_model_data":75},"model":"modelengine:light_warrior/cloth"},{"predicate":{"custom_model_data":76},"model":"modelengine:light_warrior/right_hand"},{"predicate":{"custom_model_data":77},"model":"modelengine:light_warrior/left_hand"},{"predicate":{"custom_model_data":78},"model":"modelengine:light_warrior/head"},{"predicate":{"custom_model_data":79},"model":"modelengine:light_warrior/spear"},{"predicate":{"custom_model_data":80},"model":"modelengine:light_warrior/shield"},{"predicate":{"custom_model_data":81},"model":"modelengine:sun_light_beam/beam"},{"predicate":{"custom_model_data":82},"model":"modelengine:sun_light_beam/ring3"},{"predicate":{"custom_model_data":83},"model":"modelengine:sun_light_beam/ring"},{"predicate":{"custom_model_data":84},"model":"modelengine:sun_light_beam/ring2"},{"predicate":{"custom_model_data":85},"model":"modelengine:sun_light_long_beam/beam"},{"predicate":{"custom_model_data":86},"model":"modelengine:sun_light_long_beam/ring3"},{"predicate":{"custom_model_data":87},"model":"modelengine:sun_light_long_beam/ring"},{"predicate":{"custom_model_data":88},"model":"modelengine:sun_light_long_beam/ring2"},{"predicate":{"custom_model_data":89},"model":"modelengine:herald_of_light_core/left_feather3"},{"predicate":{"custom_model_data":90},"model":"modelengine:herald_of_light_core/left_feather2"},{"predicate":{"custom_model_data":91},"model":"modelengine:herald_of_light_core/ring"},{"predicate":{"custom_model_data":92},"model":"modelengine:herald_of_light_core/reflect_mirror"},{"predicate":{"custom_model_data":93},"model":"modelengine:herald_of_light_core/left_feather4"},{"predicate":{"custom_model_data":94},"model":"modelengine:herald_of_light_core/right_feather4"},{"predicate":{"custom_model_data":95},"model":"modelengine:herald_of_light_core/right_feather3"},{"predicate":{"custom_model_data":96},"model":"modelengine:herald_of_light_core/right_feather2"},{"predicate":{"custom_model_data":97},"model":"modelengine:herald_of_light_core/left_feather"},{"predicate":{"custom_model_data":98},"model":"modelengine:herald_of_light_core/right_feather"},{"predicate":{"custom_model_data":99},"model":"modelengine:herald_of_light_core/mirror4"},{"predicate":{"custom_model_data":100},"model":"modelengine:herald_of_light_core/mirror2"},{"predicate":{"custom_model_data":101},"model":"modelengine:herald_of_light_core/mirror"},{"predicate":{"custom_model_data":102},"model":"modelengine:herald_of_light_core/mirror3"},{"predicate":{"custom_model_data":103},"model":"modelengine:herald_of_light_core/left_wing_2"},{"predicate":{"custom_model_data":104},"model":"modelengine:herald_of_light_core/left_wing_1"},{"predicate":{"custom_model_data":105},"model":"modelengine:herald_of_light_core/ring2"},{"predicate":{"custom_model_data":106},"model":"modelengine:herald_of_light_core/right_wing_1"},{"predicate":{"custom_model_data":107},"model":"modelengine:herald_of_light_core/right_wing_2"},{"predicate":{"custom_model_data":108},"model":"modelengine:herald_of_light_core/core_rotation"},{"predicate":{"custom_model_data":109},"model":"modelengine:herald_of_light_core/left_wing_part_two_2"},{"predicate":{"custom_model_data":110},"model":"modelengine:herald_of_light_core/left_wing_part_two_1"},{"predicate":{"custom_model_data":111},"model":"modelengine:herald_of_light_core/right_wing_part_two_1"},{"predicate":{"custom_model_data":112},"model":"modelengine:herald_of_light_core/right_wing_part_two_2"},{"predicate":{"custom_model_data":113},"model":"modelengine:herald_of_light_core/beam4_rotation"},{"predicate":{"custom_model_data":114},"model":"modelengine:herald_of_light_core/beam_rotation2"},{"predicate":{"custom_model_data":115},"model":"modelengine:herald_of_light_core/beam_rotation"},{"predicate":{"custom_model_data":116},"model":"modelengine:herald_of_light_core/beam3_rotation"},{"predicate":{"custom_model_data":117},"model":"modelengine:herald_of_light_core/core_beam_rotation"},{"predicate":{"custom_model_data":118},"model":"modelengine:herald_of_light_phase_2/reflect_mirror"},{"predicate":{"custom_model_data":119},"model":"modelengine:herald_of_light_phase_2/light_knight_phase_1"},{"predicate":{"custom_model_data":120},"model":"modelengine:herald_of_light_phase_2/right_wing_1"},{"predicate":{"custom_model_data":121},"model":"modelengine:herald_of_light_phase_2/back_cloth"},{"predicate":{"custom_model_data":122},"model":"modelengine:herald_of_light_phase_2/left_wing_1"},{"predicate":{"custom_model_data":123},"model":"modelengine:herald_of_light_phase_2/right_wing_2"},{"predicate":{"custom_model_data":124},"model":"modelengine:herald_of_light_phase_2/left_wing_2"},{"predicate":{"custom_model_data":125},"model":"modelengine:herald_of_light_phase_2/right_cloth"},{"predicate":{"custom_model_data":126},"model":"modelengine:herald_of_light_phase_2/front_cloth"},{"predicate":{"custom_model_data":127},"model":"modelengine:herald_of_light_phase_2/left_cloth"},{"predicate":{"custom_model_data":128},"model":"modelengine:herald_of_light_phase_2/mirror2"},{"predicate":{"custom_model_data":129},"model":"modelengine:herald_of_light_phase_2/mirror"},{"predicate":{"custom_model_data":130},"model":"modelengine:herald_of_light_phase_2/core"},{"predicate":{"custom_model_data":131},"model":"modelengine:herald_of_light_phase_2/left_hand"},{"predicate":{"custom_model_data":132},"model":"modelengine:herald_of_light_phase_2/left_chest_part"},{"predicate":{"custom_model_data":133},"model":"modelengine:herald_of_light_phase_2/right_hand"},{"predicate":{"custom_model_data":134},"model":"modelengine:herald_of_light_phase_2/right_chest_part"},{"predicate":{"custom_model_data":135},"model":"modelengine:herald_of_light_phase_2/mirror_beam_spin_effect"},{"predicate":{"custom_model_data":136},"model":"modelengine:herald_of_light_phase_2/mirror_beam_spin_effect2"},{"predicate":{"custom_model_data":137},"model":"modelengine:herald_of_light_phase_2/shield"},{"predicate":{"custom_model_data":138},"model":"modelengine:herald_of_light_phase_2/left_hand_beam"},{"predicate":{"custom_model_data":139},"model":"modelengine:herald_of_light_phase_2/left_sword"},{"predicate":{"custom_model_data":140},"model":"modelengine:herald_of_light_phase_2/head"},{"predicate":{"custom_model_data":141},"model":"modelengine:herald_of_light_phase_2/right_hand_beam"},{"predicate":{"custom_model_data":142},"model":"modelengine:herald_of_light_phase_2/right_sword"},{"predicate":{"custom_model_data":143},"model":"modelengine:herald_of_light_phase_2/right_spear_effect"},{"predicate":{"custom_model_data":144},"model":"modelengine:herald_of_light_phase_2/spear"},{"predicate":{"custom_model_data":145},"model":"modelengine:herald_of_light_phase_2/beam_spin_effect"},{"predicate":{"custom_model_data":146},"model":"modelengine:herald_of_light_phase_2/beam_spin_effect2"},{"predicate":{"custom_model_data":147},"model":"modelengine:herald_of_light_phase_2/left_cut_effect"},{"predicate":{"custom_model_data":148},"model":"modelengine:herald_of_light_phase_2/left_shoulder"},{"predicate":{"custom_model_data":149},"model":"modelengine:herald_of_light_phase_2/feather_crest"},{"predicate":{"custom_model_data":150},"model":"modelengine:herald_of_light_phase_2/right_cut_effect"},{"predicate":{"custom_model_data":151},"model":"modelengine:herald_of_light_phase_2/right_shoulder"},{"predicate":{"custom_model_data":152},"model":"modelengine:herald_of_light_phase_1/reflect_mirror"},{"predicate":{"custom_model_data":153},"model":"modelengine:herald_of_light_phase_1/right_cloth/1"},{"predicate":{"custom_model_data":154},"model":"modelengine:herald_of_light_phase_1/right_cloth"},{"predicate":{"custom_model_data":155},"model":"modelengine:herald_of_light_phase_1/body_size"},{"predicate":{"custom_model_data":156},"model":"modelengine:herald_of_light_phase_1/left_cloth/1"},{"predicate":{"custom_model_data":157},"model":"modelengine:herald_of_light_phase_1/left_cloth"},{"predicate":{"custom_model_data":158},"model":"modelengine:herald_of_light_phase_1/left_hand"},{"predicate":{"custom_model_data":159},"model":"modelengine:herald_of_light_phase_1/back_cloth"},{"predicate":{"custom_model_data":160},"model":"modelengine:herald_of_light_phase_1/hood"},{"predicate":{"custom_model_data":161},"model":"modelengine:herald_of_light_phase_1/back_cape_part_1"},{"predicate":{"custom_model_data":162},"model":"modelengine:herald_of_light_phase_1/front_cloth"},{"predicate":{"custom_model_data":163},"model":"modelengine:herald_of_light_phase_1/right_hand"},{"predicate":{"custom_model_data":164},"model":"modelengine:herald_of_light_phase_1/mirror"},{"predicate":{"custom_model_data":165},"model":"modelengine:herald_of_light_phase_1/mirror2"},{"predicate":{"custom_model_data":166},"model":"modelengine:herald_of_light_phase_1/right_arm_cape_part_1"},{"predicate":{"custom_model_data":167},"model":"modelengine:herald_of_light_phase_1/left_arm_cape_part_1"},{"predicate":{"custom_model_data":168},"model":"modelengine:herald_of_light_phase_1/left_hand_beam"},{"predicate":{"custom_model_data":169},"model":"modelengine:herald_of_light_phase_1/left_sword"},{"predicate":{"custom_model_data":170},"model":"modelengine:herald_of_light_phase_1/head"},{"predicate":{"custom_model_data":171},"model":"modelengine:herald_of_light_phase_1/back_cape_part_2"},{"predicate":{"custom_model_data":172},"model":"modelengine:herald_of_light_phase_1/right_hand_beam"},{"predicate":{"custom_model_data":173},"model":"modelengine:herald_of_light_phase_1/right_sword"},{"predicate":{"custom_model_data":174},"model":"modelengine:herald_of_light_phase_1/chain"},{"predicate":{"custom_model_data":175},"model":"modelengine:herald_of_light_phase_1/right_arm_cape_part_2"},{"predicate":{"custom_model_data":176},"model":"modelengine:herald_of_light_phase_1/left_arm_cape_part_2"},{"predicate":{"custom_model_data":177},"model":"modelengine:herald_of_light_phase_1/left_cut_effect"},{"predicate":{"custom_model_data":178},"model":"modelengine:herald_of_light_phase_1/right_cut_effect"},{"predicate":{"custom_model_data":179},"model":"modelengine:herald_of_light_phase_1/right_cape_arm"},{"predicate":{"custom_model_data":180},"model":"modelengine:herald_of_light_phase_1/left_cape_arm"},{"predicate":{"custom_model_data":181},"model":"modelengine:herald_of_light_phase_1/right_shoulder"},{"predicate":{"custom_model_data":182},"model":"modelengine:herald_of_light_phase_1/left_shoulder"},{"predicate":{"custom_model_data":183},"model":"modelengine:curse/main"},{"predicate":{"custom_model_data":184},"model":"modelengine:kraken/tentacle85"},{"predicate":{"custom_model_data":185},"model":"modelengine:kraken/tentacle6"},{"predicate":{"custom_model_data":186},"model":"modelengine:kraken/tentacle73"},{"predicate":{"custom_model_data":187},"model":"modelengine:kraken/tentacle2"},{"predicate":{"custom_model_data":188},"model":"modelengine:kraken/tentacle4"},{"predicate":{"custom_model_data":189},"model":"modelengine:kraken/head"},{"predicate":{"custom_model_data":190},"model":"modelengine:kraken/tentacle25"},{"predicate":{"custom_model_data":191},"model":"modelengine:kraken/tentacle"},{"predicate":{"custom_model_data":192},"model":"modelengine:kraken/tentacle13"},{"predicate":{"custom_model_data":193},"model":"modelengine:kraken/tentacle89"},{"predicate":{"custom_model_data":194},"model":"modelengine:kraken/tentacle77"},{"predicate":{"custom_model_data":195},"model":"modelengine:kraken/tentacle29"},{"predicate":{"custom_model_data":196},"model":"modelengine:kraken/tentacle3"},{"predicate":{"custom_model_data":197},"model":"modelengine:kraken/tentacle17"},{"predicate":{"custom_model_data":198},"model":"modelengine:kraken/tentacle90"},{"predicate":{"custom_model_data":199},"model":"modelengine:kraken/tentacle78"},{"predicate":{"custom_model_data":200},"model":"modelengine:kraken/tentacle30"},{"predicate":{"custom_model_data":201},"model":"modelengine:kraken/tentacle5"},{"predicate":{"custom_model_data":202},"model":"modelengine:kraken/tentacle18"},{"predicate":{"custom_model_data":203},"model":"modelengine:kraken/tentacle92"},{"predicate":{"custom_model_data":204},"model":"modelengine:kraken/tentacle80"},{"predicate":{"custom_model_data":205},"model":"modelengine:kraken/tentacle31"},{"predicate":{"custom_model_data":206},"model":"modelengine:kraken/tentacle7"},{"predicate":{"custom_model_data":207},"model":"modelengine:kraken/tentacle19"},{"predicate":{"custom_model_data":208},"model":"modelengine:kraken/tentacle93"},{"predicate":{"custom_model_data":209},"model":"modelengine:kraken/tentacle81"},{"predicate":{"custom_model_data":210},"model":"modelengine:kraken/tentacle32"},{"predicate":{"custom_model_data":211},"model":"modelengine:kraken/tentacle8"},{"predicate":{"custom_model_data":212},"model":"modelengine:kraken/tentacle20"},{"predicate":{"custom_model_data":213},"model":"modelengine:kraken/tentacle94"},{"predicate":{"custom_model_data":214},"model":"modelengine:kraken/tentacle82"},{"predicate":{"custom_model_data":215},"model":"modelengine:kraken/tentacle33"},{"predicate":{"custom_model_data":216},"model":"modelengine:kraken/tentacle9"},{"predicate":{"custom_model_data":217},"model":"modelengine:kraken/tentacle21"},{"predicate":{"custom_model_data":218},"model":"modelengine:kraken/tentacle95"},{"predicate":{"custom_model_data":219},"model":"modelengine:kraken/tentacle83"},{"predicate":{"custom_model_data":220},"model":"modelengine:kraken/tentacle34"},{"predicate":{"custom_model_data":221},"model":"modelengine:kraken/tentacle10"},{"predicate":{"custom_model_data":222},"model":"modelengine:kraken/tentacle22"},{"predicate":{"custom_model_data":223},"model":"modelengine:kraken/tentacle96"},{"predicate":{"custom_model_data":224},"model":"modelengine:kraken/tentacle84"},{"predicate":{"custom_model_data":225},"model":"modelengine:kraken/tentacle35"},{"predicate":{"custom_model_data":226},"model":"modelengine:kraken/tentacle11"},{"predicate":{"custom_model_data":227},"model":"modelengine:kraken/tentacle23"},{"predicate":{"custom_model_data":228},"model":"modelengine:kraken/tentacle36"},{"predicate":{"custom_model_data":229},"model":"modelengine:kraken/p_tentacle12"},{"predicate":{"custom_model_data":230},"model":"modelengine:kraken/tentacle24"},{"predicate":{"custom_model_data":231},"model":"modelengine:wave/wave_1"},{"predicate":{"custom_model_data":232},"model":"modelengine:wave/foam_3"},{"predicate":{"custom_model_data":233},"model":"modelengine:wave/foam_1"},{"predicate":{"custom_model_data":234},"model":"modelengine:wave/wave_2"},{"predicate":{"custom_model_data":235},"model":"modelengine:wave/foam_2"},{"predicate":{"custom_model_data":236},"model":"modelengine:wave/wave_3"},{"predicate":{"custom_model_data":237},"model":"modelengine:wave/wave_4"},{"predicate":{"custom_model_data":238},"model":"modelengine:lrd_horse_bay/body"},{"predicate":{"custom_model_data":239},"model":"modelengine:lrd_horse_bay/neck"},{"predicate":{"custom_model_data":240},"model":"modelengine:lrd_horse_bay/left_leg_back"},{"predicate":{"custom_model_data":241},"model":"modelengine:lrd_horse_bay/left_leg"},{"predicate":{"custom_model_data":242},"model":"modelengine:lrd_horse_bay/right_leg_back"},{"predicate":{"custom_model_data":243},"model":"modelengine:lrd_horse_bay/saddle"},{"predicate":{"custom_model_data":244},"model":"modelengine:lrd_horse_bay/right_leg"},{"predicate":{"custom_model_data":245},"model":"modelengine:lrd_horse_bay/head"},{"predicate":{"custom_model_data":246},"model":"modelengine:lrd_horse_bay/left_shin_back"},{"predicate":{"custom_model_data":247},"model":"modelengine:lrd_horse_bay/left_shin"},{"predicate":{"custom_model_data":248},"model":"modelengine:lrd_horse_bay/right_shin_back"},{"predicate":{"custom_model_data":249},"model":"modelengine:lrd_horse_bay/saddle_left_stirrup"},{"predicate":{"custom_model_data":250},"model":"modelengine:lrd_horse_bay/saddle_right_stirrup"},{"predicate":{"custom_model_data":251},"model":"modelengine:lrd_horse_bay/right_shin"},{"predicate":{"custom_model_data":252},"model":"modelengine:lrd_horse_bay/hair_part1"},{"predicate":{"custom_model_data":253},"model":"modelengine:lrd_horse_bay/saddle_halter"},{"predicate":{"custom_model_data":254},"model":"modelengine:lrd_horse_bay/left_ear"},{"predicate":{"custom_model_data":255},"model":"modelengine:lrd_horse_bay/right_ear"},{"predicate":{"custom_model_data":256},"model":"modelengine:lrd_horse_bay/left_ankle_back"},{"predicate":{"custom_model_data":257},"model":"modelengine:lrd_horse_bay/left_foot"},{"predicate":{"custom_model_data":258},"model":"modelengine:lrd_horse_bay/right_ankle_back"},{"predicate":{"custom_model_data":259},"model":"modelengine:lrd_horse_bay/right_foot"},{"predicate":{"custom_model_data":260},"model":"modelengine:lrd_horse_bay/tail_part1"},{"predicate":{"custom_model_data":261},"model":"modelengine:lrd_horse_bay/left_foot_back"},{"predicate":{"custom_model_data":262},"model":"modelengine:lrd_horse_bay/right_foot_back"},{"predicate":{"custom_model_data":263},"model":"modelengine:lrd_horse_bay/tail_part2"},{"predicate":{"custom_model_data":264},"model":"modelengine:lrd_horse_bay/tail_part3"},{"predicate":{"custom_model_data":265},"model":"modelengine:lrd_horse_cremello/body"},{"predicate":{"custom_model_data":266},"model":"modelengine:lrd_horse_cremello/neck"},{"predicate":{"custom_model_data":267},"model":"modelengine:lrd_horse_cremello/left_leg_back"},{"predicate":{"custom_model_data":268},"model":"modelengine:lrd_horse_cremello/left_leg"},{"predicate":{"custom_model_data":269},"model":"modelengine:lrd_horse_cremello/right_leg_back"},{"predicate":{"custom_model_data":270},"model":"modelengine:lrd_horse_cremello/saddle"},{"predicate":{"custom_model_data":271},"model":"modelengine:lrd_horse_cremello/right_leg"},{"predicate":{"custom_model_data":272},"model":"modelengine:lrd_horse_cremello/head"},{"predicate":{"custom_model_data":273},"model":"modelengine:lrd_horse_cremello/left_shin_back"},{"predicate":{"custom_model_data":274},"model":"modelengine:lrd_horse_cremello/left_shin"},{"predicate":{"custom_model_data":275},"model":"modelengine:lrd_horse_cremello/right_shin_back"},{"predicate":{"custom_model_data":276},"model":"modelengine:lrd_horse_cremello/saddle_left_stirrup"},{"predicate":{"custom_model_data":277},"model":"modelengine:lrd_horse_cremello/saddle_right_stirrup"},{"predicate":{"custom_model_data":278},"model":"modelengine:lrd_horse_cremello/right_shin"},{"predicate":{"custom_model_data":279},"model":"modelengine:lrd_horse_cremello/hair_part1"},{"predicate":{"custom_model_data":280},"model":"modelengine:lrd_horse_cremello/saddle_halter"},{"predicate":{"custom_model_data":281},"model":"modelengine:lrd_horse_cremello/left_ear"},{"predicate":{"custom_model_data":282},"model":"modelengine:lrd_horse_cremello/right_ear"},{"predicate":{"custom_model_data":283},"model":"modelengine:lrd_horse_cremello/left_ankle_back"},{"predicate":{"custom_model_data":284},"model":"modelengine:lrd_horse_cremello/left_foot"},{"predicate":{"custom_model_data":285},"model":"modelengine:lrd_horse_cremello/right_ankle_back"},{"predicate":{"custom_model_data":286},"model":"modelengine:lrd_horse_cremello/right_foot"},{"predicate":{"custom_model_data":287},"model":"modelengine:lrd_horse_cremello/tail_part1"},{"predicate":{"custom_model_data":288},"model":"modelengine:lrd_horse_cremello/left_foot_back"},{"predicate":{"custom_model_data":289},"model":"modelengine:lrd_horse_cremello/right_foot_back"},{"predicate":{"custom_model_data":290},"model":"modelengine:lrd_horse_cremello/tail_part2"},{"predicate":{"custom_model_data":291},"model":"modelengine:lrd_horse_cremello/tail_part3"},{"predicate":{"custom_model_data":292},"model":"modelengine:lrd_horse_appaloosa/body"},{"predicate":{"custom_model_data":293},"model":"modelengine:lrd_horse_appaloosa/neck"},{"predicate":{"custom_model_data":294},"model":"modelengine:lrd_horse_appaloosa/left_leg_back"},{"predicate":{"custom_model_data":295},"model":"modelengine:lrd_horse_appaloosa/left_leg"},{"predicate":{"custom_model_data":296},"model":"modelengine:lrd_horse_appaloosa/right_leg_back"},{"predicate":{"custom_model_data":297},"model":"modelengine:lrd_horse_appaloosa/saddle"},{"predicate":{"custom_model_data":298},"model":"modelengine:lrd_horse_appaloosa/right_leg"},{"predicate":{"custom_model_data":299},"model":"modelengine:lrd_horse_appaloosa/head"},{"predicate":{"custom_model_data":300},"model":"modelengine:lrd_horse_appaloosa/left_shin_back"},{"predicate":{"custom_model_data":301},"model":"modelengine:lrd_horse_appaloosa/left_shin"},{"predicate":{"custom_model_data":302},"model":"modelengine:lrd_horse_appaloosa/right_shin_back"},{"predicate":{"custom_model_data":303},"model":"modelengine:lrd_horse_appaloosa/saddle_left_stirrup"},{"predicate":{"custom_model_data":304},"model":"modelengine:lrd_horse_appaloosa/saddle_right_stirrup"},{"predicate":{"custom_model_data":305},"model":"modelengine:lrd_horse_appaloosa/right_shin"},{"predicate":{"custom_model_data":306},"model":"modelengine:lrd_horse_appaloosa/hair_part1"},{"predicate":{"custom_model_data":307},"model":"modelengine:lrd_horse_appaloosa/saddle_halter"},{"predicate":{"custom_model_data":308},"model":"modelengine:lrd_horse_appaloosa/left_ear"},{"predicate":{"custom_model_data":309},"model":"modelengine:lrd_horse_appaloosa/right_ear"},{"predicate":{"custom_model_data":310},"model":"modelengine:lrd_horse_appaloosa/left_ankle_back"},{"predicate":{"custom_model_data":311},"model":"modelengine:lrd_horse_appaloosa/left_foot"},{"predicate":{"custom_model_data":312},"model":"modelengine:lrd_horse_appaloosa/right_ankle_back"},{"predicate":{"custom_model_data":313},"model":"modelengine:lrd_horse_appaloosa/right_foot"},{"predicate":{"custom_model_data":314},"model":"modelengine:lrd_horse_appaloosa/tail_part1"},{"predicate":{"custom_model_data":315},"model":"modelengine:lrd_horse_appaloosa/left_foot_back"},{"predicate":{"custom_model_data":316},"model":"modelengine:lrd_horse_appaloosa/right_foot_back"},{"predicate":{"custom_model_data":317},"model":"modelengine:lrd_horse_appaloosa/tail_part2"},{"predicate":{"custom_model_data":318},"model":"modelengine:lrd_horse_appaloosa/tail_part3"},{"predicate":{"custom_model_data":319},"model":"modelengine:lrd_horse_unicorn/body"},{"predicate":{"custom_model_data":320},"model":"modelengine:lrd_horse_unicorn/left_leg_back"},{"predicate":{"custom_model_data":321},"model":"modelengine:lrd_horse_unicorn/left_leg"},{"predicate":{"custom_model_data":322},"model":"modelengine:lrd_horse_unicorn/right_leg_back"},{"predicate":{"custom_model_data":323},"model":"modelengine:lrd_horse_unicorn/saddle"},{"predicate":{"custom_model_data":324},"model":"modelengine:lrd_horse_unicorn/right_leg"},{"predicate":{"custom_model_data":325},"model":"modelengine:lrd_horse_unicorn/neck"},{"predicate":{"custom_model_data":326},"model":"modelengine:lrd_horse_unicorn/left_shin_back"},{"predicate":{"custom_model_data":327},"model":"modelengine:lrd_horse_unicorn/left_shin"},{"predicate":{"custom_model_data":328},"model":"modelengine:lrd_horse_unicorn/right_shin_back"},{"predicate":{"custom_model_data":329},"model":"modelengine:lrd_horse_unicorn/saddle_left_stirrup"},{"predicate":{"custom_model_data":330},"model":"modelengine:lrd_horse_unicorn/saddle_right_stirrup"},{"predicate":{"custom_model_data":331},"model":"modelengine:lrd_horse_unicorn/right_shin"},{"predicate":{"custom_model_data":332},"model":"modelengine:lrd_horse_unicorn/head"},{"predicate":{"custom_model_data":333},"model":"modelengine:lrd_horse_unicorn/left_ankle_back"},{"predicate":{"custom_model_data":334},"model":"modelengine:lrd_horse_unicorn/left_foot"},{"predicate":{"custom_model_data":335},"model":"modelengine:lrd_horse_unicorn/right_ankle_back"},{"predicate":{"custom_model_data":336},"model":"modelengine:lrd_horse_unicorn/right_foot"},{"predicate":{"custom_model_data":337},"model":"modelengine:lrd_horse_unicorn/tail_part1"},{"predicate":{"custom_model_data":338},"model":"modelengine:lrd_horse_unicorn/hair_part1"},{"predicate":{"custom_model_data":339},"model":"modelengine:lrd_horse_unicorn/saddle_halter"},{"predicate":{"custom_model_data":340},"model":"modelengine:lrd_horse_unicorn/left_ear"},{"predicate":{"custom_model_data":341},"model":"modelengine:lrd_horse_unicorn/right_ear"},{"predicate":{"custom_model_data":342},"model":"modelengine:lrd_horse_unicorn/left_foot_back"},{"predicate":{"custom_model_data":343},"model":"modelengine:lrd_horse_unicorn/right_foot_back"},{"predicate":{"custom_model_data":344},"model":"modelengine:lrd_horse_unicorn/tail_part2"},{"predicate":{"custom_model_data":345},"model":"modelengine:lrd_horse_unicorn/tail_part3"},{"predicate":{"custom_model_data":346},"model":"modelengine:lrd_horse_black/body"},{"predicate":{"custom_model_data":347},"model":"modelengine:lrd_horse_black/neck"},{"predicate":{"custom_model_data":348},"model":"modelengine:lrd_horse_black/left_leg_back"},{"predicate":{"custom_model_data":349},"model":"modelengine:lrd_horse_black/left_leg"},{"predicate":{"custom_model_data":350},"model":"modelengine:lrd_horse_black/right_leg_back"},{"predicate":{"custom_model_data":351},"model":"modelengine:lrd_horse_black/saddle"},{"predicate":{"custom_model_data":352},"model":"modelengine:lrd_horse_black/right_leg"},{"predicate":{"custom_model_data":353},"model":"modelengine:lrd_horse_black/head"},{"predicate":{"custom_model_data":354},"model":"modelengine:lrd_horse_black/left_shin_back"},{"predicate":{"custom_model_data":355},"model":"modelengine:lrd_horse_black/left_shin"},{"predicate":{"custom_model_data":356},"model":"modelengine:lrd_horse_black/right_shin_back"},{"predicate":{"custom_model_data":357},"model":"modelengine:lrd_horse_black/saddle_left_stirrup"},{"predicate":{"custom_model_data":358},"model":"modelengine:lrd_horse_black/saddle_right_stirrup"},{"predicate":{"custom_model_data":359},"model":"modelengine:lrd_horse_black/right_shin"},{"predicate":{"custom_model_data":360},"model":"modelengine:lrd_horse_black/hair_part1"},{"predicate":{"custom_model_data":361},"model":"modelengine:lrd_horse_black/saddle_halter"},{"predicate":{"custom_model_data":362},"model":"modelengine:lrd_horse_black/left_ear"},{"predicate":{"custom_model_data":363},"model":"modelengine:lrd_horse_black/right_ear"},{"predicate":{"custom_model_data":364},"model":"modelengine:lrd_horse_black/left_ankle_back"},{"predicate":{"custom_model_data":365},"model":"modelengine:lrd_horse_black/left_foot"},{"predicate":{"custom_model_data":366},"model":"modelengine:lrd_horse_black/right_ankle_back"},{"predicate":{"custom_model_data":367},"model":"modelengine:lrd_horse_black/right_foot"},{"predicate":{"custom_model_data":368},"model":"modelengine:lrd_horse_black/tail_part1"},{"predicate":{"custom_model_data":369},"model":"modelengine:lrd_horse_black/left_foot_back"},{"predicate":{"custom_model_data":370},"model":"modelengine:lrd_horse_black/right_foot_back"},{"predicate":{"custom_model_data":371},"model":"modelengine:lrd_horse_black/tail_part2"},{"predicate":{"custom_model_data":372},"model":"modelengine:lrd_horse_black/tail_part3"},{"predicate":{"custom_model_data":373},"model":"modelengine:lrd_horse_piebald/body"},{"predicate":{"custom_model_data":374},"model":"modelengine:lrd_horse_piebald/neck"},{"predicate":{"custom_model_data":375},"model":"modelengine:lrd_horse_piebald/left_leg_back"},{"predicate":{"custom_model_data":376},"model":"modelengine:lrd_horse_piebald/left_leg"},{"predicate":{"custom_model_data":377},"model":"modelengine:lrd_horse_piebald/right_leg_back"},{"predicate":{"custom_model_data":378},"model":"modelengine:lrd_horse_piebald/saddle"},{"predicate":{"custom_model_data":379},"model":"modelengine:lrd_horse_piebald/right_leg"},{"predicate":{"custom_model_data":380},"model":"modelengine:lrd_horse_piebald/head"},{"predicate":{"custom_model_data":381},"model":"modelengine:lrd_horse_piebald/left_shin_back"},{"predicate":{"custom_model_data":382},"model":"modelengine:lrd_horse_piebald/left_shin"},{"predicate":{"custom_model_data":383},"model":"modelengine:lrd_horse_piebald/right_shin_back"},{"predicate":{"custom_model_data":384},"model":"modelengine:lrd_horse_piebald/saddle_left_stirrup"},{"predicate":{"custom_model_data":385},"model":"modelengine:lrd_horse_piebald/saddle_right_stirrup"},{"predicate":{"custom_model_data":386},"model":"modelengine:lrd_horse_piebald/right_shin"},{"predicate":{"custom_model_data":387},"model":"modelengine:lrd_horse_piebald/hair_part1"},{"predicate":{"custom_model_data":388},"model":"modelengine:lrd_horse_piebald/saddle_halter"},{"predicate":{"custom_model_data":389},"model":"modelengine:lrd_horse_piebald/left_ear"},{"predicate":{"custom_model_data":390},"model":"modelengine:lrd_horse_piebald/right_ear"},{"predicate":{"custom_model_data":391},"model":"modelengine:lrd_horse_piebald/left_ankle_back"},{"predicate":{"custom_model_data":392},"model":"modelengine:lrd_horse_piebald/left_foot"},{"predicate":{"custom_model_data":393},"model":"modelengine:lrd_horse_piebald/right_ankle_back"},{"predicate":{"custom_model_data":394},"model":"modelengine:lrd_horse_piebald/right_foot"},{"predicate":{"custom_model_data":395},"model":"modelengine:lrd_horse_piebald/tail_part1"},{"predicate":{"custom_model_data":396},"model":"modelengine:lrd_horse_piebald/left_foot_back"},{"predicate":{"custom_model_data":397},"model":"modelengine:lrd_horse_piebald/right_foot_back"},{"predicate":{"custom_model_data":398},"model":"modelengine:lrd_horse_piebald/tail_part2"},{"predicate":{"custom_model_data":399},"model":"modelengine:lrd_horse_piebald/tail_part3"},{"predicate":{"custom_model_data":400},"model":"modelengine:lrd_horse_yakul/body"},{"predicate":{"custom_model_data":401},"model":"modelengine:lrd_horse_yakul/neck"},{"predicate":{"custom_model_data":402},"model":"modelengine:lrd_horse_yakul/left_leg_back"},{"predicate":{"custom_model_data":403},"model":"modelengine:lrd_horse_yakul/left_leg"},{"predicate":{"custom_model_data":404},"model":"modelengine:lrd_horse_yakul/right_leg_back"},{"predicate":{"custom_model_data":405},"model":"modelengine:lrd_horse_yakul/saddle"},{"predicate":{"custom_model_data":406},"model":"modelengine:lrd_horse_yakul/right_leg"},{"predicate":{"custom_model_data":407},"model":"modelengine:lrd_horse_yakul/head"},{"predicate":{"custom_model_data":408},"model":"modelengine:lrd_horse_yakul/left_shin_back"},{"predicate":{"custom_model_data":409},"model":"modelengine:lrd_horse_yakul/left_shin"},{"predicate":{"custom_model_data":410},"model":"modelengine:lrd_horse_yakul/right_shin_back"},{"predicate":{"custom_model_data":411},"model":"modelengine:lrd_horse_yakul/right_shin"},{"predicate":{"custom_model_data":412},"model":"modelengine:lrd_horse_yakul/left_horn"},{"predicate":{"custom_model_data":413},"model":"modelengine:lrd_horse_yakul/saddle_halter"},{"predicate":{"custom_model_data":414},"model":"modelengine:lrd_horse_yakul/left_ear"},{"predicate":{"custom_model_data":415},"model":"modelengine:lrd_horse_yakul/right_ear"},{"predicate":{"custom_model_data":416},"model":"modelengine:lrd_horse_yakul/right_horn"},{"predicate":{"custom_model_data":417},"model":"modelengine:lrd_horse_yakul/left_ankle_back"},{"predicate":{"custom_model_data":418},"model":"modelengine:lrd_horse_yakul/left_foot"},{"predicate":{"custom_model_data":419},"model":"modelengine:lrd_horse_yakul/right_ankle_back"},{"predicate":{"custom_model_data":420},"model":"modelengine:lrd_horse_yakul/right_foot"},{"predicate":{"custom_model_data":421},"model":"modelengine:lrd_horse_yakul/tail_part1"},{"predicate":{"custom_model_data":422},"model":"modelengine:lrd_horse_yakul/left_foot_back"},{"predicate":{"custom_model_data":423},"model":"modelengine:lrd_horse_yakul/right_foot_back"},{"predicate":{"custom_model_data":424},"model":"modelengine:lrd_horse_palomino/body"},{"predicate":{"custom_model_data":425},"model":"modelengine:lrd_horse_palomino/neck"},{"predicate":{"custom_model_data":426},"model":"modelengine:lrd_horse_palomino/left_leg_back"},{"predicate":{"custom_model_data":427},"model":"modelengine:lrd_horse_palomino/left_leg"},{"predicate":{"custom_model_data":428},"model":"modelengine:lrd_horse_palomino/right_leg_back"},{"predicate":{"custom_model_data":429},"model":"modelengine:lrd_horse_palomino/saddle"},{"predicate":{"custom_model_data":430},"model":"modelengine:lrd_horse_palomino/right_leg"},{"predicate":{"custom_model_data":431},"model":"modelengine:lrd_horse_palomino/head"},{"predicate":{"custom_model_data":432},"model":"modelengine:lrd_horse_palomino/left_shin_back"},{"predicate":{"custom_model_data":433},"model":"modelengine:lrd_horse_palomino/left_shin"},{"predicate":{"custom_model_data":434},"model":"modelengine:lrd_horse_palomino/right_shin_back"},{"predicate":{"custom_model_data":435},"model":"modelengine:lrd_horse_palomino/saddle_left_stirrup"},{"predicate":{"custom_model_data":436},"model":"modelengine:lrd_horse_palomino/saddle_right_stirrup"},{"predicate":{"custom_model_data":437},"model":"modelengine:lrd_horse_palomino/right_shin"},{"predicate":{"custom_model_data":438},"model":"modelengine:lrd_horse_palomino/hair_part1"},{"predicate":{"custom_model_data":439},"model":"modelengine:lrd_horse_palomino/saddle_halter"},{"predicate":{"custom_model_data":440},"model":"modelengine:lrd_horse_palomino/left_ear"},{"predicate":{"custom_model_data":441},"model":"modelengine:lrd_horse_palomino/right_ear"},{"predicate":{"custom_model_data":442},"model":"modelengine:lrd_horse_palomino/left_ankle_back"},{"predicate":{"custom_model_data":443},"model":"modelengine:lrd_horse_palomino/left_foot"},{"predicate":{"custom_model_data":444},"model":"modelengine:lrd_horse_palomino/right_ankle_back"},{"predicate":{"custom_model_data":445},"model":"modelengine:lrd_horse_palomino/right_foot"},{"predicate":{"custom_model_data":446},"model":"modelengine:lrd_horse_palomino/tail_part1"},{"predicate":{"custom_model_data":447},"model":"modelengine:lrd_horse_palomino/left_foot_back"},{"predicate":{"custom_model_data":448},"model":"modelengine:lrd_horse_palomino/right_foot_back"},{"predicate":{"custom_model_data":449},"model":"modelengine:lrd_horse_palomino/tail_part2"},{"predicate":{"custom_model_data":450},"model":"modelengine:lrd_horse_palomino/tail_part3"},{"predicate":{"custom_model_data":451},"model":"modelengine:lrd_horse_chestnut/body"},{"predicate":{"custom_model_data":452},"model":"modelengine:lrd_horse_chestnut/neck"},{"predicate":{"custom_model_data":453},"model":"modelengine:lrd_horse_chestnut/left_leg_back"},{"predicate":{"custom_model_data":454},"model":"modelengine:lrd_horse_chestnut/left_leg"},{"predicate":{"custom_model_data":455},"model":"modelengine:lrd_horse_chestnut/right_leg_back"},{"predicate":{"custom_model_data":456},"model":"modelengine:lrd_horse_chestnut/saddle"},{"predicate":{"custom_model_data":457},"model":"modelengine:lrd_horse_chestnut/right_leg"},{"predicate":{"custom_model_data":458},"model":"modelengine:lrd_horse_chestnut/head"},{"predicate":{"custom_model_data":459},"model":"modelengine:lrd_horse_chestnut/left_shin_back"},{"predicate":{"custom_model_data":460},"model":"modelengine:lrd_horse_chestnut/left_shin"},{"predicate":{"custom_model_data":461},"model":"modelengine:lrd_horse_chestnut/right_shin_back"},{"predicate":{"custom_model_data":462},"model":"modelengine:lrd_horse_chestnut/saddle_left_stirrup"},{"predicate":{"custom_model_data":463},"model":"modelengine:lrd_horse_chestnut/saddle_right_stirrup"},{"predicate":{"custom_model_data":464},"model":"modelengine:lrd_horse_chestnut/right_shin"},{"predicate":{"custom_model_data":465},"model":"modelengine:lrd_horse_chestnut/hair_part1"},{"predicate":{"custom_model_data":466},"model":"modelengine:lrd_horse_chestnut/saddle_halter"},{"predicate":{"custom_model_data":467},"model":"modelengine:lrd_horse_chestnut/left_ear"},{"predicate":{"custom_model_data":468},"model":"modelengine:lrd_horse_chestnut/right_ear"},{"predicate":{"custom_model_data":469},"model":"modelengine:lrd_horse_chestnut/left_ankle_back"},{"predicate":{"custom_model_data":470},"model":"modelengine:lrd_horse_chestnut/left_foot"},{"predicate":{"custom_model_data":471},"model":"modelengine:lrd_horse_chestnut/right_ankle_back"},{"predicate":{"custom_model_data":472},"model":"modelengine:lrd_horse_chestnut/right_foot"},{"predicate":{"custom_model_data":473},"model":"modelengine:lrd_horse_chestnut/tail_part1"},{"predicate":{"custom_model_data":474},"model":"modelengine:lrd_horse_chestnut/left_foot_back"},{"predicate":{"custom_model_data":475},"model":"modelengine:lrd_horse_chestnut/right_foot_back"},{"predicate":{"custom_model_data":476},"model":"modelengine:lrd_horse_chestnut/tail_part2"},{"predicate":{"custom_model_data":477},"model":"modelengine:lrd_horse_chestnut/tail_part3"},{"predicate":{"custom_model_data":478},"model":"modelengine:lrd_horse_zombie/body"},{"predicate":{"custom_model_data":479},"model":"modelengine:lrd_horse_zombie/neck"},{"predicate":{"custom_model_data":480},"model":"modelengine:lrd_horse_zombie/left_leg_back"},{"predicate":{"custom_model_data":481},"model":"modelengine:lrd_horse_zombie/left_leg"},{"predicate":{"custom_model_data":482},"model":"modelengine:lrd_horse_zombie/right_leg_back"},{"predicate":{"custom_model_data":483},"model":"modelengine:lrd_horse_zombie/saddle"},{"predicate":{"custom_model_data":484},"model":"modelengine:lrd_horse_zombie/right_leg"},{"predicate":{"custom_model_data":485},"model":"modelengine:lrd_horse_zombie/head"},{"predicate":{"custom_model_data":486},"model":"modelengine:lrd_horse_zombie/left_shin_back"},{"predicate":{"custom_model_data":487},"model":"modelengine:lrd_horse_zombie/left_shin"},{"predicate":{"custom_model_data":488},"model":"modelengine:lrd_horse_zombie/right_shin_back"},{"predicate":{"custom_model_data":489},"model":"modelengine:lrd_horse_zombie/saddle_left_stirrup"},{"predicate":{"custom_model_data":490},"model":"modelengine:lrd_horse_zombie/saddle_right_stirrup"},{"predicate":{"custom_model_data":491},"model":"modelengine:lrd_horse_zombie/right_shin"},{"predicate":{"custom_model_data":492},"model":"modelengine:lrd_horse_zombie/hair_part1"},{"predicate":{"custom_model_data":493},"model":"modelengine:lrd_horse_zombie/eyeglow"},{"predicate":{"custom_model_data":494},"model":"modelengine:lrd_horse_zombie/saddle_halter"},{"predicate":{"custom_model_data":495},"model":"modelengine:lrd_horse_zombie/left_ear"},{"predicate":{"custom_model_data":496},"model":"modelengine:lrd_horse_zombie/right_ear"},{"predicate":{"custom_model_data":497},"model":"modelengine:lrd_horse_zombie/left_ankle_back"},{"predicate":{"custom_model_data":498},"model":"modelengine:lrd_horse_zombie/left_foot"},{"predicate":{"custom_model_data":499},"model":"modelengine:lrd_horse_zombie/right_ankle_back"},{"predicate":{"custom_model_data":500},"model":"modelengine:lrd_horse_zombie/right_foot"},{"predicate":{"custom_model_data":501},"model":"modelengine:lrd_horse_zombie/tail_part1"},{"predicate":{"custom_model_data":502},"model":"modelengine:lrd_horse_zombie/left_foot_back"},{"predicate":{"custom_model_data":503},"model":"modelengine:lrd_horse_zombie/right_foot_back"},{"predicate":{"custom_model_data":504},"model":"modelengine:lrd_horse_zombie/tail_part2"},{"predicate":{"custom_model_data":505},"model":"modelengine:lrd_horse_zombie/tail_part3"},{"predicate":{"custom_model_data":506},"model":"modelengine:lrd_horse_buckskin/body"},{"predicate":{"custom_model_data":507},"model":"modelengine:lrd_horse_buckskin/neck"},{"predicate":{"custom_model_data":508},"model":"modelengine:lrd_horse_buckskin/left_leg_back"},{"predicate":{"custom_model_data":509},"model":"modelengine:lrd_horse_buckskin/left_leg"},{"predicate":{"custom_model_data":510},"model":"modelengine:lrd_horse_buckskin/right_leg_back"},{"predicate":{"custom_model_data":511},"model":"modelengine:lrd_horse_buckskin/saddle"},{"predicate":{"custom_model_data":512},"model":"modelengine:lrd_horse_buckskin/right_leg"},{"predicate":{"custom_model_data":513},"model":"modelengine:lrd_horse_buckskin/head"},{"predicate":{"custom_model_data":514},"model":"modelengine:lrd_horse_buckskin/left_shin_back"},{"predicate":{"custom_model_data":515},"model":"modelengine:lrd_horse_buckskin/left_shin"},{"predicate":{"custom_model_data":516},"model":"modelengine:lrd_horse_buckskin/right_shin_back"},{"predicate":{"custom_model_data":517},"model":"modelengine:lrd_horse_buckskin/saddle_left_stirrup"},{"predicate":{"custom_model_data":518},"model":"modelengine:lrd_horse_buckskin/saddle_right_stirrup"},{"predicate":{"custom_model_data":519},"model":"modelengine:lrd_horse_buckskin/right_shin"},{"predicate":{"custom_model_data":520},"model":"modelengine:lrd_horse_buckskin/hair_part1"},{"predicate":{"custom_model_data":521},"model":"modelengine:lrd_horse_buckskin/saddle_halter"},{"predicate":{"custom_model_data":522},"model":"modelengine:lrd_horse_buckskin/left_ear"},{"predicate":{"custom_model_data":523},"model":"modelengine:lrd_horse_buckskin/right_ear"},{"predicate":{"custom_model_data":524},"model":"modelengine:lrd_horse_buckskin/left_ankle_back"},{"predicate":{"custom_model_data":525},"model":"modelengine:lrd_horse_buckskin/left_foot"},{"predicate":{"custom_model_data":526},"model":"modelengine:lrd_horse_buckskin/right_ankle_back"},{"predicate":{"custom_model_data":527},"model":"modelengine:lrd_horse_buckskin/right_foot"},{"predicate":{"custom_model_data":528},"model":"modelengine:lrd_horse_buckskin/tail_part1"},{"predicate":{"custom_model_data":529},"model":"modelengine:lrd_horse_buckskin/left_foot_back"},{"predicate":{"custom_model_data":530},"model":"modelengine:lrd_horse_buckskin/right_foot_back"},{"predicate":{"custom_model_data":531},"model":"modelengine:lrd_horse_buckskin/tail_part2"},{"predicate":{"custom_model_data":532},"model":"modelengine:lrd_horse_buckskin/tail_part3"},{"predicate":{"custom_model_data":533},"model":"modelengine:lrd_horse_roan/body"},{"predicate":{"custom_model_data":534},"model":"modelengine:lrd_horse_roan/neck"},{"predicate":{"custom_model_data":535},"model":"modelengine:lrd_horse_roan/left_leg_back"},{"predicate":{"custom_model_data":536},"model":"modelengine:lrd_horse_roan/left_leg"},{"predicate":{"custom_model_data":537},"model":"modelengine:lrd_horse_roan/right_leg_back"},{"predicate":{"custom_model_data":538},"model":"modelengine:lrd_horse_roan/saddle"},{"predicate":{"custom_model_data":539},"model":"modelengine:lrd_horse_roan/right_leg"},{"predicate":{"custom_model_data":540},"model":"modelengine:lrd_horse_roan/head"},{"predicate":{"custom_model_data":541},"model":"modelengine:lrd_horse_roan/left_shin_back"},{"predicate":{"custom_model_data":542},"model":"modelengine:lrd_horse_roan/left_shin"},{"predicate":{"custom_model_data":543},"model":"modelengine:lrd_horse_roan/right_shin_back"},{"predicate":{"custom_model_data":544},"model":"modelengine:lrd_horse_roan/saddle_left_stirrup"},{"predicate":{"custom_model_data":545},"model":"modelengine:lrd_horse_roan/saddle_right_stirrup"},{"predicate":{"custom_model_data":546},"model":"modelengine:lrd_horse_roan/right_shin"},{"predicate":{"custom_model_data":547},"model":"modelengine:lrd_horse_roan/hair_part1"},{"predicate":{"custom_model_data":548},"model":"modelengine:lrd_horse_roan/saddle_halter"},{"predicate":{"custom_model_data":549},"model":"modelengine:lrd_horse_roan/left_ear"},{"predicate":{"custom_model_data":550},"model":"modelengine:lrd_horse_roan/right_ear"},{"predicate":{"custom_model_data":551},"model":"modelengine:lrd_horse_roan/left_ankle_back"},{"predicate":{"custom_model_data":552},"model":"modelengine:lrd_horse_roan/left_foot"},{"predicate":{"custom_model_data":553},"model":"modelengine:lrd_horse_roan/right_ankle_back"},{"predicate":{"custom_model_data":554},"model":"modelengine:lrd_horse_roan/right_foot"},{"predicate":{"custom_model_data":555},"model":"modelengine:lrd_horse_roan/tail_part1"},{"predicate":{"custom_model_data":556},"model":"modelengine:lrd_horse_roan/left_foot_back"},{"predicate":{"custom_model_data":557},"model":"modelengine:lrd_horse_roan/right_foot_back"},{"predicate":{"custom_model_data":558},"model":"modelengine:lrd_horse_roan/tail_part2"},{"predicate":{"custom_model_data":559},"model":"modelengine:lrd_horse_roan/tail_part3"}],"parent":"minecraft:item/generated","textures":{"layer0":"minecraft:item/leather_horse_armor"}}