{"sources":[{"type":"single","resource":"_iainternal:icons/icon_left_blue"},{"type":"single","resource":"_iainternal:icons/icon_next_orange"},{"type":"single","resource":"steel:blocks/steel_ore"},{"type":"single","resource":"_iainternal:icons/icon_cancel"},{"type":"single","resource":"_iainternal:icons/icon_back_orange"},{"type":"single","resource":"_iainternal:icons/icon_arrow_chest"},{"type":"single","resource":"runic:instavel/runa_instavel_4"},{"type":"single","resource":"runic:instavel/runa_instavel_5"},{"type":"single","resource":"runic:instavel/runa_instavel_6"},{"type":"single","resource":"runic:instavel/runa_instavel_7"},{"type":"single","resource":"runic:instavel/runa_instavel_8"},{"type":"single","resource":"_iainternal:icons/icon_search"},{"type":"single","resource":"_iainternal:icons/icon_right_blue"},{"type":"single","resource":"runic:instavel/runa_instavel_1"},{"type":"single","resource":"runic:instavel/runa_instavel_2"},{"type":"single","resource":"runic:instavel/runa_instavel_3"}]}