{"parent":"item/generated","textures":{"layer0":"food:item/charuto"},"display":{"thirdperson_righthand":{"rotation":[0,90,50],"translation":[0,0,0],"scale":[0.5,0.5,0.5]},"thirdperson_lefthand":{"rotation":[0,90,-50],"translation":[0,0,0],"scale":[0.5,0.5,0.5]},"firstperson_righthand":{"rotation":[0,90,0],"translation":[1,2,0],"scale":[0.9,0.9,0.9]},"firstperson_lefthand":{"rotation":[0,-90,0],"translation":[-1,2,0],"scale":[0.9,0.9,0.9]},"ground":{"rotation":[0,0,0],"translation":[0,2,0],"scale":[0.5,0.5,0.5]},"fixed":{"rotation":[0,180,0],"translation":[0,0,0],"scale":[1,1,1]}}}