{
    "parent": "item/handheld",
    "textures": {
      "layer0": "steel:item/steel_ingot"
    },
  "display": {
    "thirdperson_righthand": {
      "rotation": [0, 0, 0],
      "translation": [0, 1, 0],
      "scale": [0.6, 0.6, 0.6]    // Escala reduzida para se adequar ao padrão Minecraft
    },
    "firstperson_righthand": {
      "rotation": [0, -90, 25],
      "translation": [1.13, 3, 1.13],
      "scale": [0.7, 0.7, 0.7]    // Escala mais adequada para visualização em primeira pessoa
    },
    "gui": {
      "rotation": [0, 0, 0],
      "translation": [0, 0, 0],
      "scale": [1, 1, 1]    // Escala ligeiramente reduzida para o inventário
    },
    "ground": {
      "rotation": [0, 0, 0],
      "translation": [0, 2, 0],
      "scale": [0.5, 0.5, 0.5]    // Escala reduzida para itens no chão
    },
    "fixed": {
      "rotation": [0, 0, 0],
      "translation": [0, 0, 0],
      "scale": [0.65, 0.65, 0.65] // Escala ajustada para molduras de itens
    }
  }
}