{"parent":"minecraft:item/generated","textures":{"layer0":"minecraft:item/apple"},"overrides":[{"predicate":{"custom_model_data":10000},"model":"food:item/strange_powder"},{"predicate":{"custom_model_data":10001},"model":"food:item/roasted_powder"},{"predicate":{"custom_model_data":10002},"model":"food:item/peyote"},{"predicate":{"custom_model_data":10003},"model":"food:item/peyote_burned"},{"predicate":{"custom_model_data":10004},"model":"food:item/peyote_oxyzed"},{"predicate":{"custom_model_data":10005},"model":"food:item/rape"},{"predicate":{"custom_model_data":10006},"model":"food:item/folha_ayahuasca"},{"predicate":{"custom_model_data":10007},"model":"food:item/ayahuasca"},{"predicate":{"custom_model_data":10008},"model":"item/apple"}]}