{"parent":"item/handheld","textures":{"layer0":"item/iron_sword"},"overrides":[{"predicate":{"custom_model_data":10000},"model":"weapons:item/lanca"},{"predicate":{"custom_model_data":10001},"model":"weapons:item/katana"},{"predicate":{"custom_model_data":10002},"model":"weapons:item/espada_grande"},{"predicate":{"custom_model_data":10003},"model":"weapons:item/adaga"},{"predicate":{"custom_model_data":10004},"model":"weapons:item/martelo_guerra"},{"predicate":{"custom_model_data":1981820},"model":"item/weapons/iron_dagger"},{"predicate":{"custom_model_data":1981821},"model":"item/weapons/iron_mace"},{"predicate":{"custom_model_data":1981822},"model":"item/weapons/iron_rapier"},{"predicate":{"custom_model_data":1981825},"model":"item/weapons/iron_warhammer"},{"predicate":{"custom_model_data":1981826},"model":"item/weapons/iron_spear"},{"predicate":{"custom_model_data":1981827},"model":"item/weapons/iron_greataxe"},{"predicate":{"custom_model_data":3510001},"model":"item/gui/skillicon_lightweapons"},{"predicate":{"custom_model_data":9918290},"model":"item/weapons/copper_sword"},{"predicate":{"custom_model_data":9918390},"model":"item/weapons/copper_dagger"},{"predicate":{"custom_model_data":9918391},"model":"item/weapons/copper_mace"},{"predicate":{"custom_model_data":9918392},"model":"item/weapons/copper_rapier"},{"predicate":{"custom_model_data":9918395},"model":"item/weapons/copper_warhammer"},{"predicate":{"custom_model_data":9918396},"model":"item/weapons/copper_spear"},{"predicate":{"custom_model_data":9918397},"model":"item/weapons/copper_greataxe"},{"predicate":{"custom_model_data":9918398},"model":"item/iron_sword"}]}