{"parent":"item/generated","textures":{"layer0":"item/lime_dye"},"overrides":[{"predicate":{"custom_model_data":1172900},"model":"item/gui/connection_pieces/unlocked_direct_vertical"},{"predicate":{"custom_model_data":1172901},"model":"item/gui/connection_pieces/unlocked_direct_horizontal"},{"predicate":{"custom_model_data":1172902},"model":"item/gui/connection_pieces/unlocked_direct_corner_botlft"},{"predicate":{"custom_model_data":1172903},"model":"item/gui/connection_pieces/unlocked_direct_corner_toplft"},{"predicate":{"custom_model_data":1172904},"model":"item/gui/connection_pieces/unlocked_direct_corner_botrgt"},{"predicate":{"custom_model_data":1172905},"model":"item/gui/connection_pieces/unlocked_direct_corner_toprgt"},{"predicate":{"custom_model_data":1172906},"model":"item/gui/connection_pieces/unlocked_continuous_vertical"},{"predicate":{"custom_model_data":1172907},"model":"item/gui/connection_pieces/unlocked_continuous_horizontal"},{"predicate":{"custom_model_data":1172908},"model":"item/gui/connection_pieces/unlocked_endpoint_horiz_right"},{"predicate":{"custom_model_data":1172909},"model":"item/gui/connection_pieces/unlocked_endpoint_horiz_left"},{"predicate":{"custom_model_data":1172910},"model":"item/gui/connection_pieces/unlocked_endpoint_verti_top"},{"predicate":{"custom_model_data":1172911},"model":"item/gui/connection_pieces/unlocked_endpoint_verti_bottom"},{"predicate":{"custom_model_data":1172912},"model":"item/gui/connection_pieces/unlocked_endpoint_corner_botlft_side"},{"predicate":{"custom_model_data":1172913},"model":"item/gui/connection_pieces/unlocked_endpoint_corner_toplft_side"},{"predicate":{"custom_model_data":1172914},"model":"item/gui/connection_pieces/unlocked_endpoint_corner_botrgt_side"},{"predicate":{"custom_model_data":1172915},"model":"item/gui/connection_pieces/unlocked_endpoint_corner_toprgt_side"},{"predicate":{"custom_model_data":1172916},"model":"item/gui/connection_pieces/unlocked_endpoint_corner_botlft_ends"},{"predicate":{"custom_model_data":1172917},"model":"item/gui/connection_pieces/unlocked_endpoint_corner_toplft_ends"},{"predicate":{"custom_model_data":1172918},"model":"item/gui/connection_pieces/unlocked_endpoint_corner_botrgt_ends"},{"predicate":{"custom_model_data":1172919},"model":"item/gui/connection_pieces/unlocked_endpoint_corner_toprgt_ends"},{"predicate":{"custom_model_data":1172920},"model":"item/gui/connection_pieces/unlocked_continuous_corner_botlft"},{"predicate":{"custom_model_data":1172921},"model":"item/gui/connection_pieces/unlocked_continuous_corner_toplft"},{"predicate":{"custom_model_data":1172922},"model":"item/gui/connection_pieces/unlocked_continuous_corner_botrgt"},{"predicate":{"custom_model_data":1172923},"model":"item/gui/connection_pieces/unlocked_continuous_corner_toprgt"},{"predicate":{"custom_model_data":1829130},"model":"item/gui/button_newrecipe"},{"predicate":{"custom_model_data":1829131},"model":"item/gui/button_loot_selection_active"},{"predicate":{"custom_model_data":9192780},"model":"item/materials/tutor_lotus"},{"predicate":{"custom_model_data":9192781},"model":"item/materials/steelblossom"},{"predicate":{"custom_model_data":9192782},"model":"item/materials/shimmerleaf"},{"predicate":{"custom_model_data":9192783},"model":"item/materials/goldroot"},{"predicate":{"custom_model_data":9192784},"model":"item/materials/pollen_stalks"},{"predicate":{"custom_model_data":9192785},"model":"item/materials/knightsreed"},{"predicate":{"custom_model_data":9192786},"model":"item/materials/burnt_bark"},{"predicate":{"custom_model_data":9192787},"model":"item/materials/ambrosial_nectar"},{"predicate":{"custom_model_data":9192788},"model":"item/materials/bustling_fungus"},{"predicate":{"custom_model_data":9192789},"model":"item/materials/calcified_seed"},{"predicate":{"custom_model_data":9192790},"model":"item/materials/withered_filament"},{"predicate":{"custom_model_data":9192791},"model":"item/materials/noxious_spores"}]}