{"parent":"item/handheld","textures":{"layer0":"item/netherite_sword"},"overrides":[{"predicate":{"custom_model_data":10001},"model":"weapons:item/espada_vip"},{"predicate":{"custom_model_data":1981820},"model":"item/weapons/netherite_dagger"},{"predicate":{"custom_model_data":1981821},"model":"item/weapons/netherite_mace"},{"predicate":{"custom_model_data":1981822},"model":"item/weapons/netherite_rapier"},{"predicate":{"custom_model_data":1981825},"model":"item/weapons/netherite_warhammer"},{"predicate":{"custom_model_data":1981826},"model":"item/weapons/netherite_spear"},{"predicate":{"custom_model_data":1981827},"model":"item/weapons/netherite_greataxe"},{"predicate":{"custom_model_data":1981828},"model":"item/netherite_sword"}]}