{"parent":"item/generated","textures":{"layer0":"item/orange_dye"},"overrides":[{"predicate":{"custom_model_data":1172800},"model":"item/gui/connection_pieces/unlockable_direct_vertical"},{"predicate":{"custom_model_data":1172801},"model":"item/gui/connection_pieces/unlockable_direct_horizontal"},{"predicate":{"custom_model_data":1172802},"model":"item/gui/connection_pieces/unlockable_direct_corner_botlft"},{"predicate":{"custom_model_data":1172803},"model":"item/gui/connection_pieces/unlockable_direct_corner_toplft"},{"predicate":{"custom_model_data":1172804},"model":"item/gui/connection_pieces/unlockable_direct_corner_botrgt"},{"predicate":{"custom_model_data":1172805},"model":"item/gui/connection_pieces/unlockable_direct_corner_toprgt"},{"predicate":{"custom_model_data":1172806},"model":"item/gui/connection_pieces/unlockable_continuous_vertical"},{"predicate":{"custom_model_data":1172807},"model":"item/gui/connection_pieces/unlockable_continuous_horizontal"},{"predicate":{"custom_model_data":1172808},"model":"item/gui/connection_pieces/unlockable_endpoint_horiz_right"},{"predicate":{"custom_model_data":1172809},"model":"item/gui/connection_pieces/unlockable_endpoint_horiz_left"},{"predicate":{"custom_model_data":1172810},"model":"item/gui/connection_pieces/unlockable_endpoint_verti_top"},{"predicate":{"custom_model_data":1172811},"model":"item/gui/connection_pieces/unlockable_endpoint_verti_bottom"},{"predicate":{"custom_model_data":1172812},"model":"item/gui/connection_pieces/unlockable_endpoint_corner_botlft_side"},{"predicate":{"custom_model_data":1172813},"model":"item/gui/connection_pieces/unlockable_endpoint_corner_toplft_side"},{"predicate":{"custom_model_data":1172814},"model":"item/gui/connection_pieces/unlockable_endpoint_corner_botrgt_side"},{"predicate":{"custom_model_data":1172815},"model":"item/gui/connection_pieces/unlockable_endpoint_corner_toprgt_side"},{"predicate":{"custom_model_data":1172816},"model":"item/gui/connection_pieces/unlockable_endpoint_corner_botlft_ends"},{"predicate":{"custom_model_data":1172817},"model":"item/gui/connection_pieces/unlockable_endpoint_corner_toplft_ends"},{"predicate":{"custom_model_data":1172818},"model":"item/gui/connection_pieces/unlockable_endpoint_corner_botrgt_ends"},{"predicate":{"custom_model_data":1172819},"model":"item/gui/connection_pieces/unlockable_endpoint_corner_toprgt_ends"},{"predicate":{"custom_model_data":1172820},"model":"item/gui/connection_pieces/unlockable_continuous_corner_botlft"},{"predicate":{"custom_model_data":1172821},"model":"item/gui/connection_pieces/unlockable_continuous_corner_toplft"},{"predicate":{"custom_model_data":1172822},"model":"item/gui/connection_pieces/unlockable_continuous_corner_botrgt"},{"predicate":{"custom_model_data":1172823},"model":"item/gui/connection_pieces/unlockable_continuous_corner_toprgt"},{"predicate":{"custom_model_data":8892301},"model":"item/materials/copper_nugget"}]}