{"parent":"item/generated","textures":{"layer0":"item/paper"},"overrides":[{"predicate":{"custom_model_data":10000},"model":"_iainternal:ia_auto_gen/icon_left_blue"},{"predicate":{"custom_model_data":10001},"model":"_iainternal:ia_auto_gen/icon_right_blue"},{"predicate":{"custom_model_data":10002},"model":"_iainternal:ia_auto_gen/icon_search"},{"predicate":{"custom_model_data":10003},"model":"_iainternal:ia_auto_gen/icon_cancel"},{"predicate":{"custom_model_data":10004},"model":"_iainternal:ia_auto_gen/icon_arrow_chest"},{"predicate":{"custom_model_data":10005},"model":"_iainternal:ia_auto_gen/icon_back_orange"},{"predicate":{"custom_model_data":10006},"model":"_iainternal:ia_auto_gen/icon_next_orange"},{"predicate":{"custom_model_data":10007},"model":"tags:item/elite"},{"predicate":{"custom_model_data":10024},"model":"keys:item/key_legendary"},{"predicate":{"custom_model_data":10025},"model":"keys:item/key_rare"},{"predicate":{"custom_model_data":10026},"model":"keys:item/key_basic"},{"predicate":{"custom_model_data":10027},"model":"extras:item/marry_ring"},{"predicate":{"custom_model_data":10028},"model":"extras:item/bandagem"},{"predicate":{"custom_model_data":10029},"model":"keys:item/key_dungeon"},{"predicate":{"custom_model_data":10030},"model":"coins:item/bunchofsilvercoin"},{"predicate":{"custom_model_data":10031},"model":"coins:item/silvercoin"},{"predicate":{"custom_model_data":10032},"model":"extras:item/pergaminho"},{"predicate":{"custom_model_data":10033},"model":"extras:item/papiro"},{"predicate":{"custom_model_data":10034},"model":"extras:item/crystal"},{"predicate":{"custom_model_data":10036},"model":"coins:item/ancestral_coin"},{"predicate":{"custom_model_data":10039},"model":"ruby:item/raw_ruby"},{"predicate":{"custom_model_data":10042},"model":"ruby:item/ruby"},{"predicate":{"custom_model_data":10044},"model":"food:item/tabaco"},{"predicate":{"custom_model_data":10045},"model":"food:item/pilao"},{"predicate":{"custom_model_data":10046},"model":"extras:item/gosma"},{"predicate":{"custom_model_data":10047},"model":"extras:item/iron_powder"},{"predicate":{"custom_model_data":10049},"model":"extras:item/rubber"},{"predicate":{"custom_model_data":10050},"model":"extras:item/seringa"},{"predicate":{"custom_model_data":10051},"model":"extras:item/pergaminho"},{"predicate":{"custom_model_data":1829130},"model":"item/gui/button_toggle_unlocked_for_everyone"},{"predicate":{"custom_model_data":1829131},"model":"item/gui/button_set_tool_requirement"},{"predicate":{"custom_model_data":1829132},"model":"item/gui/button_toggle_exact_meta"},{"predicate":{"custom_model_data":1829133},"model":"item/gui/button_set_tool_requirement_offset"},{"predicate":{"custom_model_data":6788200},"model":"item/materials/polishing_compound"},{"predicate":{"custom_model_data":9827320},"model":"item/materials/attuned_scroll"},{"predicate":{"custom_model_data":9827321},"model":"item/paper"}]}