{"parent":"item/generated","textures":{"layer0":"item/quartz"},"overrides":[{"predicate":{"custom_model_data":8712390},"model":"item/materials/ruby"},{"predicate":{"custom_model_data":8712391},"model":"item/materials/raw_ruby"},{"predicate":{"custom_model_data":8712392},"model":"item/materials/opal"},{"predicate":{"custom_model_data":8712393},"model":"item/materials/raw_opal"},{"predicate":{"custom_model_data":8712394},"model":"item/materials/sapphire"},{"predicate":{"custom_model_data":8712395},"model":"item/materials/raw_sapphire"},{"predicate":{"custom_model_data":8712396},"model":"item/materials/topaz"},{"predicate":{"custom_model_data":8712397},"model":"item/materials/raw_topaz"},{"predicate":{"custom_model_data":8712398},"model":"item/materials/peridot"},{"predicate":{"custom_model_data":8712399},"model":"item/materials/raw_peridot"},{"predicate":{"custom_model_data":9827320},"model":"item/materials/experience_gem"}]}