{"parent":"item/handheld","textures":{"layer0":"item/stone_sword"},"overrides":[{"predicate":{"custom_model_data":1981820},"model":"item/weapons/stone_dagger"},{"predicate":{"custom_model_data":1981821},"model":"item/weapons/stone_mace"},{"predicate":{"custom_model_data":1981822},"model":"item/weapons/stone_rapier"},{"predicate":{"custom_model_data":1981825},"model":"item/weapons/stone_warhammer"},{"predicate":{"custom_model_data":1981826},"model":"item/weapons/stone_spear"},{"predicate":{"custom_model_data":1981827},"model":"item/weapons/stone_greataxe"}]}