{"parent":"item/handheld","textures":{"layer0":"item/wooden_sword"},"overrides":[{"predicate":{"custom_model_data":10000},"model":"weapons:item/bastao"},{"predicate":{"custom_model_data":10002},"model":"weapons:item/staff"},{"predicate":{"custom_model_data":10003},"model":"food:item/faca"},{"predicate":{"custom_model_data":1981820},"model":"item/weapons/wooden_dagger"},{"predicate":{"custom_model_data":1981821},"model":"item/weapons/wooden_mace"},{"predicate":{"custom_model_data":1981822},"model":"item/weapons/wooden_rapier"},{"predicate":{"custom_model_data":1981825},"model":"item/weapons/wooden_warhammer"},{"predicate":{"custom_model_data":1981826},"model":"item/weapons/wooden_spear"},{"predicate":{"custom_model_data":1981827},"model":"item/weapons/wooden_greataxe"},{"predicate":{"custom_model_data":1981828},"model":"item/wooden_sword"}]}